﻿<?xml version="1.0" encoding="UTF-8"?>
<prefab>
  <property name="CopyAirBlocks" value="True" />
  <property name="ExcludeDistantPOIMesh" value="False" />
  <property name="ExcludePOICulling" value="False" />
  <property name="DistantPOIYOffset" value="0" />
  <property name="AllowTopSoilDecorations" value="False" />
  <property name="DifficultyTier" value="5" />
  <property name="ShowQuestClearCount" value="1" />
  <property name="PrefabSize" value="29, 45, 29" />
  <property name="RotationToFaceNorth" value="2" />
  <property name="Zoning" value="any" />
  <property name="QuestTags" value="clear, restore_power, infested" />
  <property name="EditorGroups" value="any" />
  <property name="Tags" value="industrial" />
  <property name="TraderArea" value="False" />
  <property name="SleeperVolumeSize" value="18, 3, 10#15, 4, 15#15, 3, 15#19, 3, 17#18, 4, 15#19, 3, 12#15, 8, 8#15, 16, 19#20, 4, 15#9, 4, 9#20, 3, 23#23, 3, 19#15, 6, 20#15, 3, 10#15, 3, 15" />
  <property name="SleeperVolumeStart" value="6, 3, 10#2, 7, 10#12, 8, 15#3, 11, 9#8, 15, 6#4, 16, 16#13, 21, 14#9, 27, 5#13, 4, 6#16, 21, 5#5, 0, 5#5, 20, 13#12, 39, 12#4, 11, 6#9, 17, 14" />
  <property name="SleeperVolumeGroupId" value="0,0,0,0,0,0,0,0,0,0,0,0,0,0,0" />
  <property name="SleeperVolumeGroup" value="GroupGenericZombie,7,8,GroupGenericZombie,5,6,GroupGenericZombie,5,6,GroupGenericZombie,5,6,GroupGenericZombie,6,7,GroupGenericZombie,7,8,GroupSpecialInfected,5,6,animalZombieVultureRadiated,8,9,GroupGenericZombie,5,6,GroupGenericZombie,5,6,GroupGenericZombie,5,6,GroupGenericZombie,7,8,animalZombieVultureRadiated,2,3,GroupGenericZombie,5,6,GroupGenericZombie,5,6" />
  <property name="SleeperIsLootVolume" value="False,False,False,False,False,False,False,False,False,False,False,False,False,False,False" />
  <property name="SleeperIsQuestExclude" value="False,False,False,False,False,False,False,False,False,False,False,False,False,False,False" />
  <property name="SleeperVolumeFlags" value="0,0,0,0,0,0,0,0,0,0,0,0,0,0,0" />
  <property name="SleeperVolumeTriggeredBy" value=" # # # # # # # # # # # # # # " />
  <property class="IndexedBlockOffsets">
    <property class="challenge_officechairs">
      <property name="0" value="16, 16, 14" />
      <property name="1" value="19, 16, 16" />
      <property name="2" value="16, 16, 18" />
      <property name="3" value="19, 8, 23" />
      <property name="4" value="20, 16, 23" />
      <property name="5" value="18, 20, 25" />
    </property>
    <property class="challenge_pallet">
      <property name="0" value="20, 8, 14" />
      <property name="1" value="20, 9, 14" />
    </property>
    <property class="POILight">
      <property name="0" value="16, 41, 14" />
      <property name="1" value="17, 6, 14" />
      <property name="2" value="17, 9, 14" />
      <property name="3" value="22, 5, 14" />
      <property name="4" value="15, 20, 15" />
      <property name="5" value="17, 1, 15" />
      <property name="6" value="18, 10, 15" />
      <property name="7" value="18, 20, 15" />
      <property name="8" value="22, 2, 15" />
      <property name="9" value="14, 18, 16" />
      <property name="10" value="17, 6, 16" />
      <property name="11" value="17, 14, 16" />
      <property name="12" value="21, 10, 16" />
      <property name="13" value="22, 6, 16" />
      <property name="14" value="16, 10, 18" />
      <property name="15" value="17, 2, 18" />
      <property name="16" value="22, 2, 18" />
      <property name="17" value="14, 6, 19" />
      <property name="18" value="16, 6, 19" />
      <property name="19" value="16, 18, 19" />
      <property name="20" value="17, 22, 19" />
      <property name="21" value="18, 6, 19" />
      <property name="22" value="19, 18, 19" />
      <property name="23" value="20, 6, 19" />
      <property name="24" value="23, 15, 20" />
      <property name="25" value="19, 14, 21" />
      <property name="26" value="18, 10, 22" />
      <property name="27" value="15, 35, 23" />
      <property name="28" value="16, 18, 23" />
      <property name="29" value="14, 23, 24" />
      <property name="30" value="24, 19, 24" />
      <property name="31" value="17, 21, 26" />
      <property name="32" value="19, 21, 26" />
    </property>
    <property class="TraderOnOff">
      <property name="0" value="20, 21, 14" />
      <property name="1" value="14, 31, 15" />
      <property name="2" value="19, 8, 15" />
      <property name="3" value="15, 34, 16" />
      <property name="4" value="14, 4, 18" />
      <property name="5" value="16, 4, 18" />
      <property name="6" value="18, 4, 18" />
      <property name="7" value="20, 4, 18" />
      <property name="8" value="22, 12, 20" />
      <property name="9" value="16, 8, 21" />
      <property name="10" value="16, 12, 21" />
      <property name="11" value="15, 16, 23" />
      <property name="12" value="15, 20, 24" />
    </property>
    <property class="Rally">
      <property name="0" value="1, 1, 11" />
    </property>
    <property class="FetchContainer">
      <property name="0" value="19, 25, 21" />
    </property>
    <property class="QuestRestorePower">
      <property name="0" value="14, 25, 19" />
    </property>
    <property class="challenge_sinks">
      <property name="0" value="23, 4, 14" />
      <property name="1" value="23, 4, 15" />
      <property name="2" value="23, 4, 16" />
      <property name="3" value="14, 4, 19" />
      <property name="4" value="16, 4, 19" />
      <property name="5" value="18, 4, 19" />
      <property name="6" value="20, 4, 19" />
    </property>
    <property class="challenge_gore">
      <property name="0" value="14, 40, 14" />
    </property>
    <property class="quest_feather">
      <property name="0" value="27, 1, 14" />
      <property name="1" value="18, 25, 22" />
      <property name="2" value="20, 25, 22" />
    </property>
  </property>
  <property class="Stats">
    <property name="TotalVertices" value="1051176" />
    <property name="TotalTriangles" value="357387" />
    <property class="BlockEntities">
      <property name="Vertices" value="941883" />
      <property name="Triangles" value="285087" />
    </property>
    <property class="ChunkMeshes0">
      <property name="Vertices" value="107589" />
      <property name="Triangles" value="71448" />
    </property>
    <property class="ChunkMeshes1">
      <property name="Vertices" value="0" />
      <property name="Triangles" value="0" />
    </property>
    <property class="ChunkMeshes2">
      <property name="Vertices" value="1704" />
      <property name="Triangles" value="852" />
    </property>
    <property class="ChunkMeshes3">
      <property name="Vertices" value="0" />
      <property name="Triangles" value="0" />
    </property>
    <property class="ChunkMeshes4">
      <property name="Vertices" value="0" />
      <property name="Triangles" value="0" />
    </property>
    <property class="ChunkMeshes5">
      <property name="Vertices" value="0" />
      <property name="Triangles" value="0" />
    </property>
  </property>
</prefab>