﻿<?xml version="1.0" encoding="UTF-8"?>
<prefab>
  <property name="CopyAirBlocks" value="True" />
  <property name="AllowTopSoilDecorations" value="False" />
  <property name="Zoning" value="any" />
  <property name="RotationToFaceNorth" value="2" />
  <property name="YOffset" value="-1" />
  <property name="AllowedTownships" value="any" />
  <property name="TraderArea" value="False" />
  <property name="TraderAreaProtect" value="0,0,0" />
  <property name="TraderAreaTeleportSize" value="33, 32, 33" />
  <property name="TraderAreaTeleportCenter" value="13, 0, 1" />
  <property name="ExcludeDistantPOIMesh" value="False" />
  <property name="DistantPOIYOffset" value="0" />
  <property name="EditorGroups" value="any" />
  <property name="DifficultyTier" value="5" />
  <property name="QuestTags" value="trader, clear, infested, nexttrader, traderJoel" />
  <property name="ExcludePOICulling" value="True" />
  <property name="ShowQuestClearCount" value="1" />
  <property name="Tags" value="trader" />
  <property name="ThemeTags" value="trader" />
  <property name="ThemeRepeatDistance" value="1000" />
  <property name="PrefabSize" value="60, 34, 60" />
  <property name="WallVolumeSize" value="4, 2, 5#1, 1, 5#1, 1, 1#2, 1, 1#2, 2, 5#1, 2, 2" />
  <property name="WallVolumeStart" value="16, 8, 29#19, 6, 29#19, 7, 32#18, 7, 29#16, 6, 29#18, 6, 32" />
  <property name="POIMarkerSize" value="7, 13, 3#7, 13, 2" />
  <property name="POIMarkerStart" value="34, 0, -3#34, 0, -2" />
  <property name="POIMarkerGroup" value="driveway,driveway2" />
  <property name="POIMarkerTags" value="rural#gateway" />
  <property name="POIMarkerType" value="PartSpawn,PartSpawn" />
  <property name="POIMarkerPartToSpawn" value="part_driveway_rural_12,part_driveway_gateway_02" />
  <property name="POIMarkerPartRotations" value="2,2" />
  <property name="POIMarkerPartSpawnChance" value="1,1" />
  <property name="SleeperVolumeSize" value="7, 4, 1#36, 10, 32" />
  <property name="SleeperVolumeStart" value="34, 6, 1#20, 1, 24" />
  <property name="SleeperVolumeGroupId" value="0,0" />
  <property name="SleeperVolumeGroup" value="GroupGenericZombie,5,6,GroupGenericZombie,5,6" />
  <property name="SleeperIsLootVolume" value="False,False" />
  <property name="SleeperIsQuestExclude" value="False,False" />
  <property name="SleeperVolumeFlags" value="0,0" />
  <property name="SleeperVolumeTriggeredBy" value=" # " />
  <property class="Stats">
    <property name="TotalVertices" value="1773393" />
    <property name="TotalTriangles" value="725540" />
    <property class="BlockEntities">
      <property name="Vertices" value="1665626" />
      <property name="Triangles" value="656786" />
    </property>
    <property class="ChunkMeshes0">
      <property name="Vertices" value="98711" />
      <property name="Triangles" value="53774" />
    </property>
    <property class="ChunkMeshes1">
      <property name="Vertices" value="0" />
      <property name="Triangles" value="0" />
    </property>
    <property class="ChunkMeshes2">
      <property name="Vertices" value="160" />
      <property name="Triangles" value="80" />
    </property>
    <property class="ChunkMeshes3">
      <property name="Vertices" value="0" />
      <property name="Triangles" value="0" />
    </property>
    <property class="ChunkMeshes4">
      <property name="Vertices" value="0" />
      <property name="Triangles" value="0" />
    </property>
    <property class="ChunkMeshes5">
      <property name="Vertices" value="8896" />
      <property name="Triangles" value="14900" />
    </property>
  </property>
  <property class="IndexedBlockOffsets">
    <property class="challenge_polymers">
      <property name="0" value="57, 5, 12" />
    </property>
    <property class="quest_wood_trees">
      <property name="0" value="45, 1, 31" />
    </property>
    <property class="TraderOnOff">
      <property name="0" value="56, 1, 24" />
      <property name="1" value="57, 3, 24" />
      <property name="2" value="57, 4, 24" />
    </property>
    <property class="POILight">
      <property name="0" value="46, 1, 37" />
      <property name="1" value="52, 1, 44" />
    </property>
    <property class="challenge_cars">
      <property name="0" value="21, 1, 48" />
    </property>
    <property class="challenge_steel">
      <property name="0" value="17, 6, 26" />
      <property name="1" value="17, 6, 27" />
    </property>
    <property class="challenge_leather">
      <property name="0" value="23, 6, 31" />
      <property name="1" value="23, 2, 32" />
    </property>
    <property class="Trader">
      <property name="0" value="18, 6, 31" />
    </property>
    <property class="Rally">
      <property name="0" value="42, 1, 41" />
    </property>
    <property class="challenge_sinks">
      <property name="0" value="19, 3, 35" />
      <property name="1" value="24, 2, 36" />
    </property>
    <property class="challenge_mech_parts">
      <property name="0" value="18, 6, 37" />
    </property>
    <property class="challenge_pallet">
      <property name="0" value="26, 1, 41" />
    </property>
  </property>
</prefab>