﻿<?xml version="1.0" encoding="UTF-8"?>
<prefab>
  <property name="CopyAirBlocks" value="True" />
  <property name="ExcludeDistantPOIMesh" value="False" />
  <property name="ExcludePOICulling" value="False" />
  <property name="DistantPOIYOffset" value="0" />
  <property name="AllowTopSoilDecorations" value="False" />
  <property name="DifficultyTier" value="0" />
  <property name="ShowQuestClearCount" value="1" />
  <property name="TraderArea" value="False" />
  <property name="PrefabSize" value="30, 52, 170" />
  <property name="RotationToFaceNorth" value="2" />
  <property name="Zoning" value="none" />
  <property class="IndexedBlockOffsets">
    <property class="POILight">
      <property name="0" value="27, 4, 155" />
    </property>
    <property class="TraderOnOff">
      <property name="0" value="23, 20, 91" />
    </property>
    <property class="FetchContainer">
      <property name="0" value="24, 6, 107" />
    </property>
  </property>
  <property class="Stats">
    <property name="TotalVertices" value="1725333" />
    <property name="TotalTriangles" value="791750" />
    <property class="BlockEntities">
      <property name="Vertices" value="1249146" />
      <property name="Triangles" value="482263" />
    </property>
    <property class="ChunkMeshes0">
      <property name="Vertices" value="475339" />
      <property name="Triangles" value="308471" />
    </property>
    <property class="ChunkMeshes1">
      <property name="Vertices" value="0" />
      <property name="Triangles" value="0" />
    </property>
    <property class="ChunkMeshes2">
      <property name="Vertices" value="56" />
      <property name="Triangles" value="28" />
    </property>
    <property class="ChunkMeshes3">
      <property name="Vertices" value="200" />
      <property name="Triangles" value="100" />
    </property>
    <property class="ChunkMeshes4">
      <property name="Vertices" value="0" />
      <property name="Triangles" value="0" />
    </property>
    <property class="ChunkMeshes5">
      <property name="Vertices" value="0" />
      <property name="Triangles" value="0" />
    </property>
    <property class="ChunkMeshes6">
      <property name="Vertices" value="592" />
      <property name="Triangles" value="888" />
    </property>
  </property>
</prefab>