<?xml version="1.0" encoding="UTF-8"?>

<configs>

<!-- Begin Removal of quests that don't fit in to this pack / quests that are placed outside the main POI for this pack -->

<!-- BEGIN removal of ALL vanillia quests --> 

		<remove xpath="/quests/quest[@id='quest_whiteRiverCitizen1']"/>

		<remove xpath="/quests/quest[@id='challengegroup_reward_homesteading']"/>
		<remove xpath="/quests/quest[@template='challengegroup_reward_homesteading']"/>
		
		<remove xpath="/quests/quest[@id='treasure_taylor']"/>
		<remove xpath="/quests/quest[@template='treasure_taylor']"/>

		<remove xpath="/quests/quest[@id='tier1_fetch']"/>
		<remove xpath="/quests/quest[@template='tier1_fetch']"/>

		<remove xpath="/quests/quest[@id='tier1_clear']"/>
		<remove xpath="/quests/quest[@template='tier1_clear']"/>

		<remove xpath="/quests/quest[@id='tier2_clear_infested']"/>
		<remove xpath="/quests/quest[@template='tier2_clear_infested']"/>

		<remove xpath="/quests/quest[@id='tier2_restore_power']"/>
		<remove xpath="/quests/quest[@template='tier2_restore_power']"/>

		<remove xpath="/quests/quest[@id='tier2_fetch_clear']"/>
		<remove xpath="/quests/quest[@template='tier2_fetch_clear']"/>

		<remove xpath="/quests/quest[@id='intro_buried_supplies']"/>
		<remove xpath="/quests/quest[@id='tier1_buried_supplies']"/>
		<remove xpath="/quests/quest[@template='tier1_buried_supplies']"/>

		<remove xpath="/quests/quest[@id='tier2_nexttrader']"/>
		<remove xpath="/quests/quest[@id='tier3_nexttrader']"/>
		<remove xpath="/quests/quest[@id='tier4_nexttrader']"/>
		<remove xpath="/quests/quest[@id='tier5_nexttrader']"/>

		<remove xpath="/quests/quest[@id='quest_tier1complete']"/>
		<remove xpath="/quests/quest[@id='quest_tier2complete']"/>
		<remove xpath="/quests/quest[@id='quest_tier3complete']"/>
		<remove xpath="/quests/quest[@id='quest_tier4complete']"/>
		<remove xpath="/quests/quest[@id='quest_tier5complete']"/>
		<remove xpath="/quests/quest[@id='quest_tier6complete']"/>

		<remove xpath="/quests/quest_list[@id='trader_rekt_quests']"/>
		<remove xpath="/quests/quest_list[@id='trader_jen_quests']"/>
		<remove xpath="/quests/quest_list[@id='trader_bob_quests']"/>
		<remove xpath="/quests/quest_list[@id='trader_hugh_quests']"/>
		<remove xpath="/quests/quest_list[@id='trader_joel_quests']"/>

<!-- END removal of ALL vanillia quests -->

<!-- BEGIN Aircraft Carrier Challenge main quest line -->

	<append xpath="/quests">

		<quest id="quest_whiteRiverCitizen1"> <!-- Initial quest that kicks off the challenge -->

			<property name="name_key" value="challenge_StartingCarrier"/>
			<property name="subtitle_key" value="challenge_StartingCarrier_subtitle"/>
			<property name="description_key" value="challenge_StartingCarrier_description"/>
			<property name="group_name_key" value="challenge_StartingCarrier"/>
			<property name="icon" value="ui_game_symbol_zombie"/>
			<property name="repeatable" value="false"/>
			<property name="category_key" value="quest"/>
			<property name="offer_key" value="challenge_StartingCarrier_offer"/>
			<property name="difficulty" value="medium"/>
			<action type="TrackQuest"/>

			<action type="ShowMessageWindow">
				<property name="title" value="Welcome"/>
				<property name="message" value="tutorialTipQuest01"/>
				<property name="delay" value="2"/>
			</action>

			<objective type="EntityKill" value="10" phase="1">
				<property name="target_tags" value="walker,feral,radiated" />
			</objective>

			<reward type="Item" id="modArmorHelmetLight" value="1"/>
			<reward type="Item" id="bookWasteTreasuresAcid" value="1"/>
			<reward type="SkillPoints" value="4" />
			<reward type="Quest" id="quest_CarrierChallenge" />
			<reward type="Quest" id="quest_eliminatezombies10" />
			<reward type="Quest" id="quest_workstationSkillMagazine" />
		</quest>

		<quest id="quest_CarrierChallenge"> <!-- Go find Jen -->

			<property name="name_key" value="quest_CarrierChallenge"/>
			<property name="subtitle_key" value="quest_CarrierChallenge_subtitle"/>
			<property name="description_key" value="quest_CarrierChallenge_description"/>
			<property name="icon" value="ui_game_symbol_map_trader"/>
			<property name="category_key" value="quest"/>
			<property name="difficulty" value="medium"/>
			<property name="offer_key" value="quest_CarrierChallenge"/>
			<property name="shareable" value="False"/>
			<property name="chainquest" value="true"/>
			<action type="TrackQuest"/>

			<objective type="Goto" id="trader" value="5" phase="1">
				<property name="biome_filter_type" value="any" />
				<property name="Zoning" value="any" />
				<property name="nav_object" value="go_to_trader" />
			</objective>

			<objective type="InteractWithNPC">
				<property name="phase" value="2"/>
				<property name="nav_object" value="return_to_trader" />
				<property name="use_closest" value="true" />
			</objective>

			<reward type="Item" id="Mission_1_Retrieve information" value="1"/>
		</quest>

		<quest id="quest_CarrierChallenge01"> <!-- Jen located: go get supplies crate from the Army Depot -->

			<property name="name_key" value="quest_CarrierChallenge01" param1="name" />
			<property name="subtitle_key" value="quest_CarrierChallenge01"/>
			<property name="description_key" value="quest_CarrierChallenge01_description"/>
			<property name="icon" value="ui_game_symbol_quest"/>
			<property name="repeatable" value="false"/>
			<property name="category_key" value="challenge"/>
			<property name="difficulty" value="medium"/>
			<property name="difficulty_tier" value="5"/>
			<property name="offer_key" value="quest_CarrierChallenge01" param1="offer" />
			<property name="statement_key" value="Find the supplies and fetch item in the POI."/>
			<property name="response_key" value="Fetch supplies"/>
			<property name="reward_choices_count" value="5" />
			<property name="login_rally_reset" value="true"/>
			<!-- <property name="extra_tags" value="infested" param1="extra_tags" /> -->
			<property name="shareable" value="true"/>

			<action type="TrackQuest"/>

			<objective type="ClosestPOIGoto">
				<property name="distance" value="50"/>
				<property name="phase" value="1"/>
			</objective>

			<objective type="RallyPoint">
				<property name="phase" value="2"/>
				<property name="nav_object" value="rally" />
			</objective>

			<objective type="FetchFromContainer">
				<property name="phase" value="3"/>
				<property name="quest_item_ID" value="1"/>
				<property name="item_count" value="1"/>
				<property name="default_container" value="cntFetchQuestSatchel"/>
				<property name="nav_object" value="fetch_container" />
			</objective>

			<objective type="POIStayWithin">
				<property name="phase" value="3"/>
				<property name="radius" value="25"/>
			</objective>

			<action type="UnlockPOI" >
				<property name="phase" value="4"/>
			</action>

			<reward type="Exp" value="2500"/>
			<reward type="Quest" id="quest_CarrierChallenge02"/>

		</quest>



		<quest id="quest_CarrierChallenge02"> <!-- UH-60 Supplies for accessories -->

			<property name="name_key" value="quest_CarrierChallenge02"/>
			<property name="subtitle_key" value="quest_CarrierChallenge02"/>
			<property name="description_key" value="quest_CarrierChallenge02_description"/>
			<property name="icon" value="ui_game_symbol_gyrocopter"/>
			<property name="repeatable" value="false"/>
			<property name="category_key" value="quest"/>
			<property name="offer_key" value="quest_CarrierChallenge02_offer"/>
			<property name="difficulty" value="medium"/>
			<property name="shareable" value="true"/>

			<action type="TrackQuest"/>

			<objective type="Fetch" id="resourceElectricParts" value="100" phase="1"/>
			<objective type="Fetch" id="resourceHeadlight" value="10" phase="1"/>
			<objective type="Fetch" id="resourceSpring" value="15" phase="1"/>
			<objective type="Fetch" id="resourceLeather" value="50" phase="1"/>
			<objective type="Fetch" id="resourceMetalPipe" value="40" phase="1"/>

			<objective type="Craft" id="Mission_3_Retrieve more supplies" value="1" phase="2"/>

			<reward type="Exp" value="50"/>

		</quest>

		<quest id="quest_CarrierChallenge03"> <!-- UH-60 Supplies for chasis -->

			<property name="name_key" value="quest_CarrierChallenge03"/>
			<property name="subtitle_key" value="quest_CarrierChallenge03"/>
			<property name="description_key" value="quest_CarrierChallenge03_description"/>
			<property name="icon" value="ui_game_symbol_gyrocopter"/>
			<property name="repeatable" value="false"/>
			<property name="category_key" value="quest"/>
			<property name="offer_key" value="quest_CarrierChallenge03_offer"/>
			<property name="difficulty" value="medium"/>
			<property name="shareable" value="False"/>

			<action type="TrackQuest"/>

			<objective type="FetchKeep" id="resourceForgedSteel" value="700" phase="1"/>
			<objective type="FetchKeep" id="resourceDuctTape" value="120" phase="1"/>
			<objective type="FetchKeep" id="resourceSpring" value="80" phase="1"/>
			<objective type="FetchKeep" id="resourceMetalPipe" value="250" phase="1"/>
			<objective type="FetchKeep" id="resourceMechanicalParts" value="150" phase="1"/>

			<reward type="Exp" value="50"/>
			<reward type="Item" id="gunT4Minigun" value="2-4"/>
			<reward type="Item" id="vehicleUH60accessories"/>
			<reward type="Item" id="Mission_4_Help Support Ship"/>

		</quest>

		<quest id="quest_CarrierChallenge04"> <!-- UH-60 assembly -->

			<property name="name_key" value="quest_CarrierChallenge04"/>
			<property name="subtitle_key" value="quest_CarrierChallenge04_subtitle"/>
			<property name="description_key" value="quest_CarrierChallenge04_description"/>
			<property name="icon" value="ui_game_symbol_gyrocopter"/>
			<property name="repeatable" value="false"/>
			<property name="category_key" value="challenge"/>
			<property name="offer_key" value="quest_CarrierChallenge04_offer"/>
			<property name="difficulty" value="medium"/>
			<property name="shareable" value="false"/>

			<action type="TrackQuest"/>

			<objective type="FetchKeep" id="vehicleUH60chassis" value="1" phase="1"/>
			<objective type="FetchKeep" id="smallEngine" value="2" phase="1"/>
			<objective type="FetchKeep" id="carBattery" value="2" phase="1"/>
			<objective type="FetchKeep" id="vehicleWheels" value="3" phase="1"/>
			<objective type="FetchKeep" id="vehicleUH60placeable" value="1" phase="2"/>

			<reward type="Quest" id="quest_CarrierChallenge05"/>

		</quest>

		<quest id="quest_CarrierChallenge05"> <!-- Clear and restore power at the destroyer POI -->

			<property name="name_key" value="quest_CarrierChallenge05"/>
			<property name="subtitle_key" value="quest_CarrierChallenge05_subtitle"/>
			<property name="description_key" value="quest_CarrierChallenge05_description"/>
			<property name="icon" value="ui_game_symbol_quest" />
			<property name="repeatable" value="false" />
			<property name="category_key" value="challenge" />
			<property name="difficulty" value="medium" />
			<property name="difficulty_tier" value="2" param1="difficulty" />
			<property name="offer_key" value="quest_CarrierChallenge05_offer"/>
			<property name="statement_key" value="quest_CarrierChallenge05_statement" />
			<property name="response_key" value="quest_CarrierChallenge05_response" />
			<property name="reward_choices_count" value="5" />
			<property name="extra_tags" value="infested" param1="extra_tags" />
			<property name="shareable" value="true"/>
			<property name="spawn_multiplier" value="2" param1="spawn_multiplier" /> 
			<property name="gamestage_mod" value=".6" param1="gamestage_mod" />
			<property name="gamestage_bonus" value="30" param1="gamestage_bonus" />

			<property name="completiontype" value="TurnIn"/>
			<property name="completion_key" value="quest_CarrierChallenge05_completion"/>

			<action type="TrackQuest"/>

			<objective type="ClosestPOIGoto">
				<property name="distance" value="10"/>
				<property name="phase" value="1"/>
			</objective>

			<objective type="RallyPoint">
				<property name="phase" value="2" />
				<property name="nav_object" value="rally" />
				<property name="allowed_start_hour" value="22" />
				<property name="allowed_end_hour" value="1" />
				<property name="complete_event" value="quest_poi_lights_off" />
			</objective>

			<objective type="ClearSleepers">
				<property name="phase" value="3" />
				<property name="nav_object" value="sleeper_volume"/>
			</objective>

			<objective type="POIBlockActivate" >
				<property name="phase" value="3" />
				<property name="block_index" value="QuestRestorePower" />
				<property name="nav_object" value="restore_power" />
				<property name="complete_event" value="quest_poi_lights_on" />
			</objective>

			<objective type="POIStayWithin">
				<property name="phase" value="3" />
				<property name="radius" value="25" />
			</objective>

			<action type="UnlockPOI" >
				<property name="phase" value="4"/>
			</action>

			<objective type="Goto" id="trader" value="1" phase="4">
				<property name="distance" value="300"/>
				<property name="biome_filter_type" value="any"/>
				<property name="Zoning" value="any"/>
				<property name="nav_object" value="go_to_trader"/>
			</objective>

			<objective type="InteractWithNPC">
				<property name="phase" value="4" />
				<property name="nav_object" value="return_to_trader" />
			</objective>

			<reward type="Exp" value="5060"/>
			<reward type="LootItem" id="groupQuestAmmo" ischosen="true" value="1"/>
			<reward type="Quest" id="Completion"/>

		</quest>

		<quest id="Completion"> <!-- Challenge Completion -->

			<property name="group_name_key" value="Challenge_Completion"/>
			<property name="name_key" value="Challenge_Completion"/>
			<property name="subtitle_key" value="Challenge_Completion_subtitle"/>
			<property name="description_key" value="Challenge_Completion_description"/>
			<property name="icon" value="ui_game_symbol_map_trader"/>
			<property name="category" value="Congratulations!"/>
			<property name="difficulty" value="easy"/>
			<property name="shareable" value="false"/>

			<action type="ShowMessageWindow">
				<property name="title" value="Congrats"/>
				<property name="message" value="Congrats_message"/>
				<property name="delay" value="2"/>
			</action>

		</quest>

<!-- END Aircraft Carrier Challenge main quest line -->

<!-- BEGIN chained zombies kill repeatable quest line -->

		<quest id="quest_eliminatezombies10">

			<property name="offer_key" value="Accept this quest to eliminate 500 Zombies through multiple smaller stages. Eliminate 10 in the first stage for 20 Dukes, 15 for 1500 XP, 25 for 1250 Dukes, 50 for 5000 XP, 75 for 3750 Dukes, 125 for 12500 XP, and 200 for 2 Skill Points and Flamethrower. This Quest repeats in an endless loop." />
			<property name="name_key" value="10 Zombies" />
			<property name="subtitle_key" value="10 Zombies" />
			<property name="description_key" value="Accept this quest to eliminate 500 Zombies through multiple smaller stages. Eliminate 10 in the first stage for 20 Dukes, 15 for 1500 XP, 25 for 1250 Dukes, 50 for 5000 XP, 75 for 3750 Dukes, 125 for 12500 XP, and 200 for 2 Skill Points and Flamethrower. This Quest repeats in an endless loop." />
			<property name="icon" value="ui_game_symbol_zombie"/>
			<property name="repeatable" value="true"/>
			<property name="category_key" value="Quest"/>
			<property name="difficulty" value="easy"/>
			<property name="shareable" value="false"/>

			<objective type="EntityKill" value="10" phase="1">
				<property name="target_tags" value="walker,feral,radiated" />
			</objective>

			<reward type="Item" id="casinoCoin" value="20"/>
			<reward type="Quest" id="quest_eliminatezombies15">
				<property name="chainquest" value="false"/>
			</reward>

		</quest>

		<quest id="quest_eliminatezombies15">

			<property name="offer_key" value="Accept this quest to eliminate 500 Zombies through multiple smaller stages. Eliminate 10 in the first stage for 20 Dukes, 15 for 1500 XP, 25 for 1250 Dukes, 50 for 5000 XP, 75 for 3750 Dukes, 125 for 12500 XP, and 200 for 2 Skill Points and Flamethrower. This Quest repeats in an endless loop." />
			<property name="name_key" value="15 Zombies" />
			<property name="subtitle_key" value="15 Zombies" />
			<property name="description_key" value="Accept this quest to eliminate 500 Zombies through multiple smaller stages. Eliminate 10 in the first stage for 20 Dukes, 15 for 1500 XP, 25 for 1250 Dukes, 50 for 5000 XP, 75 for 3750 Dukes, 125 for 12500 XP, and 200 for 2 Skill Points and Flamethrower. This Quest repeats in an endless loop." />
			<property name="icon" value="ui_game_symbol_zombie"/>
			<property name="repeatable" value="true"/>
			<property name="category_key" value="Quest"/>
			<property name="difficulty" value="easy"/>
			<property name="shareable" value="false"/>

			<objective type="EntityKill" value="15" phase="1">
				<property name="target_tags" value="walker,feral,radiated" />
			</objective>

			<reward type="Exp" value="1500"/>
			<reward type="Quest" id="quest_eliminatezombies25">
				<property name="chainquest" value="false"/>
			</reward>

		</quest>

		<quest id="quest_eliminatezombies25">

			<property name="offer_key" value="Accept this quest to eliminate 500 Zombies through multiple smaller stages. Eliminate 10 in the first stage for 20 Dukes, 15 for 1500 XP, 25 for 1250 Dukes, 50 for 5000 XP, 75 for 3750 Dukes, 125 for 12500 XP, and 200 for 2 Skill Points and Flamethrower. This Quest repeats in an endless loop." />
			<property name="name_key" value="25 Zombies" />
			<property name="subtitle_key" value="25 Zombies" />
			<property name="description_key" value="Accept this quest to eliminate 500 Zombies through multiple smaller stages. Eliminate 10 in the first stage for 20 Dukes, 15 for 1500 XP, 25 for 1250 Dukes, 50 for 5000 XP, 75 for 3750 Dukes, 125 for 12500 XP, and 200 for 2 Skill Points and Flamethrower. This Quest repeats in an endless loop." />
			<property name="icon" value="ui_game_symbol_zombie"/>
			<property name="repeatable" value="true"/>
			<property name="category_key" value="Quest"/>
			<property name="difficulty" value="easy"/>
			<property name="shareable" value="false"/>

			<objective type="EntityKill" value="25" phase="1">
				<property name="target_tags" value="walker,feral,radiated" />
			</objective>

			<reward type="Item" id="casinoCoin" value="1250"/>
			<reward type="Quest" id="quest_eliminatezombies50">
				<property name="chainquest" value="false"/>
			</reward>

		</quest>

		<quest id="quest_eliminatezombies50">

			<property name="offer_key" value="Accept this quest to eliminate 500 Zombies through multiple smaller stages. Eliminate 10 in the first stage for 20 Dukes, 15 for 1500 XP, 25 for 1250 Dukes, 50 for 5000 XP, 75 for 3750 Dukes, 125 for 12500 XP, and 200 for 2 Skill Points and Flamethrower. This Quest repeats in an endless loop." />
			<property name="name_key" value="50 Zombies" />
			<property name="subtitle_key" value="50 Zombies" />
			<property name="description_key" value="Accept this quest to eliminate 500 Zombies through multiple smaller stages. Eliminate 10 in the first stage for 20 Dukes, 15 for 1500 XP, 25 for 1250 Dukes, 50 for 5000 XP, 75 for 3750 Dukes, 125 for 12500 XP, and 200 for 2 Skill Points and Flamethrower. This Quest repeats in an endless loop." />
			<property name="icon" value="ui_game_symbol_zombie"/>
			<property name="repeatable" value="true"/>
			<property name="category_key" value="Quest"/>
			<property name="difficulty" value="easy"/>
			<property name="shareable" value="false"/>

			<objective type="EntityKill" value="50" phase="1">
				<property name="target_tags" value="walker,feral,radiated" />
			</objective>

			<reward type="Exp" value="5000"/>
			<reward type="Quest" id="quest_eliminatezombies75">
				<property name="chainquest" value="false"/>
			</reward>

		</quest>

		<quest id="quest_eliminatezombies75">

				<property name="offer_key" value="Accept this quest to eliminate 500 Zombies through multiple smaller stages. Eliminate 10 in the first stage for 20 Dukes, 15 for 1500 XP, 25 for 1250 Dukes, 50 for 5000 XP, 75 for 3750 Dukes, 125 for 12500 XP, and 200 for 2 Skill Points and Flamethrower. This Quest repeats in an endless loop." />
				<property name="name_key" value="75 Zombies" />
				<property name="subtitle_key" value="75 Zombies" />
				<property name="description_key" value="Accept this quest to eliminate 500 Zombies through multiple smaller stages. Eliminate 10 in the first stage for 20 Dukes, 15 for 1500 XP, 25 for 1250 Dukes, 50 for 5000 XP, 75 for 3750 Dukes, 125 for 12500 XP, and 200 for 2 Skill Points and Flamethrower. This Quest repeats in an endless loop." />
				<property name="icon" value="ui_game_symbol_zombie"/>
				<property name="repeatable" value="true"/>
				<property name="category_key" value="Quest"/>
				<property name="difficulty" value="easy"/>
				<property name="shareable" value="false"/>

				<objective type="EntityKill" value="75" phase="1">
					<property name="target_tags" value="walker,feral,radiated" />
				</objective>
				<reward type="Item" id="casinoCoin" value="3750"/>
				<reward type="Quest" id="quest_eliminatezombies125">
					<property name="chainquest" value="false"/>
				</reward>

		</quest>

		<quest id="quest_eliminatezombies125">

			<property name="offer_key" value="Accept this quest to eliminate 500 Zombies through multiple smaller stages. Eliminate 10 in the first stage for 20 Dukes, 15 for 1500 XP, 25 for 1250 Dukes, 50 for 5000 XP, 75 for 3750 Dukes, 125 for 12500 XP, and 200 for 2 Skill Points and Flamethrower. This Quest repeats in an endless loop." />
			<property name="name_key" value="125 Zombies" />
			<property name="subtitle_key" value="125 Zombies" />
			<property name="description_key" value="Accept this quest to eliminate 500 Zombies through multiple smaller stages. Eliminate 10 in the first stage for 20 Dukes, 15 for 1500 XP, 25 for 1250 Dukes, 50 for 5000 XP, 75 for 3750 Dukes, 125 for 12500 XP, and 200 for 2 Skill Points and Flamethrower. This Quest repeats in an endless loop." />
			<property name="icon" value="ui_game_symbol_zombie"/>
			<property name="repeatable" value="true"/>
			<property name="category_key" value="Quest"/>
			<property name="difficulty" value="easy"/>
			<property name="shareable" value="false"/>

			<objective type="EntityKill" value="125" phase="1">
				<property name="target_tags" value="walker,feral,radiated" />
			</objective>

			<reward type="Exp" value="12500"/>
			<reward type="Quest" id="quest_eliminatezombies200">
				<property name="chainquest" value="false"/>
			</reward>

		</quest>

		<quest id="quest_eliminatezombies200">

			<property name="offer_key" value="Accept this quest to eliminate 500 Zombies through multiple smaller stages. Eliminate 10 in the first stage for 20 Dukes, 15 for 1500 XP, 25 for 1250 Dukes, 50 for 5000 XP, 75 for 3750 Dukes, 125 for 12500 XP, and 200 for 2 Skill Points and Flamethrower. This Quest repeats in an endless loop." />
			<property name="name_key" value="200 Zombies" />
			<property name="subtitle_key" value="200 Zombies" />
			<property name="description_key" value="Accept this quest to eliminate 500 Zombies through multiple smaller stages. Eliminate 10 in the first stage for 20 Dukes, 15 for 1500 XP, 25 for 1250 Dukes, 50 for 5000 XP, 75 for 3750 Dukes, 125 for 12500 XP, and 200 for 2 Skill Points and Flamethrower. This Quest repeats in an endless loop." />
			<property name="icon" value="ui_game_symbol_zombie"/>
			<property name="repeatable" value="true"/>
			<property name="category_key" value="Quest"/>
			<property name="difficulty" value="easy"/>
			<property name="shareable" value="false"/>

			<objective type="EntityKill" value="200" phase="1">
				<property name="target_tags" value="walker,feral,radiated" />
			</objective>

			<reward type="SkillPoints" value="2" chainreward="false"/>
			<reward type="Item" id="gunT4Flamethrower" value="1-6"/>

			<reward type="Quest" id="quest_eliminatezombies10">
				<property name="chainquest" value="false"/>
			</reward>
		</quest>

		<!-- BEGIN chained magazine,zombies kill repeatable quest line -->
			
			 <quest id="quest_workstationSkillMagazine">

				<property name="offer_key" value="Accept this quest to receive extra magazines. This Quest chain repeats in an endless loop." />
				<property name="name_key" value="Magazines" />
				<property name="subtitle_key" value="Workstation Magazine" />
				<property name="description_key" value="Accept this quest to receive extra magazines. This Quest chain repeats in an endless loop." />
				<property name="CustomIcon" value="bookForgeAhead"/>
				<property name="repeatable" value="true"/>
				<property name="category_key" value="Quest"/>
				<property name="difficulty" value="easy"/>
				<property name="shareable" value="false"/>

				<objective type="Fetch" id="resourcePaint" value="15" phase="1"/>
				<objective type="Fetch" id="resourceMetalPipe" value="10" phase="1"/>
				<objective type="Fetch" id="meleeToolPaintTool" value="1" phase="1"/>
				<objective type="Fetch" id="resourcePaper" value="25" phase="1"/>

				<objective type="EntityKill" id="zombieUtilityWorker" value="2" phase="2"/>
                	 
				<reward type="Exp" value="50"/>
				<reward type="Item" id="workstationSkillMagazine" value="1"/>

				<reward type="Quest" id="quest_foodSkillMagazine">
					<property name="chainquest" value="false"/>
				</reward>

			</quest>

			<quest id="quest_foodSkillMagazine">

				<property name="offer_key" value="Accept this quest to receive extra magazines. This Quest chain repeats in an endless loop." />
				<property name="name_key" value="Magazines" />
				<property name="subtitle_key" value="Food Magazine" />
				<property name="description_key" value="Accept this quest to receive extra magazines. This Quest chain repeats in an endless loop." />
				<property name="CustomIcon" value="bookHomeCookingWeekly"/>
				<property name="repeatable" value="true"/>
				<property name="category_key" value="Quest"/>
				<property name="difficulty" value="easy"/>
				<property name="shareable" value="false"/>

				<objective type="Fetch" id="resourcePaint" value="15" phase="1"/>
				<objective type="Fetch" id="foodRottingFlesh" value="10" phase="1"/>
				<objective type="Fetch" id="meleeToolPaintTool" value="1" phase="1"/>
				<objective type="Fetch" id="resourcePaper" value="25" phase="1"/>
				
				<objective type="EntityKill" id="zombieArlene" value="2" phase="2"/>
                 
				<reward type="Exp" value="50"/>
				<reward type="Item" id="foodSkillMagazineAC" value="1"/>

				<reward type="Quest" id="quest_vehiclesSkillMagazine">
					<property name="chainquest" value="false"/>
				</reward>

			</quest>

			<quest id="quest_vehiclesSkillMagazine">

				<property name="offer_key" value="Accept this quest to receive extra magazines. This Quest chain repeats in an endless loop." />
				<property name="name_key" value="Magazines 1" />
				<property name="subtitle_key" value="Vehicle Magazine" />
				<property name="description_key" value="Accept this quest to receive extra magazines. This Quest chain repeats in an endless loop." />
				<property name="CustomIcon" value="bundleBooks"/>
				<property name="repeatable" value="true"/>
				<property name="category_key" value="Quest"/>
				<property name="difficulty" value="easy"/>
				<property name="shareable" value="false"/>


				<objective type="Fetch" id="resourcePaint" value="15" phase="1"/>
				<objective type="Fetch" id="resourceHeadlight" value="1" phase="1"/>
				<objective type="Fetch" id="meleeToolPaintTool" value="1" phase="1"/>
				<objective type="Fetch" id="resourcePaper" value="25" phase="1"/>

				<objective type="EntityKill" id="zombieBiker" value="2" phase="2"/>
                 
				
				<reward type="Exp" value="50"/>
				<reward type="Item" id="vehiclesSkillMagazineAC" value="1"/>

				<reward type="Quest" id="quest_medicalSkillMagazine">
					<property name="chainquest" value="false"/>
				</reward>

			</quest>

			<quest id="quest_medicalSkillMagazine">

				<property name="offer_key" value="Accept this quest to receive extra magazines. This Quest chain repeats in an endless loop." />
				<property name="name_key" value="Magazines 2" />
				<property name="subtitle_key" value="Medical Magazine" />
				<property name="description_key" value="Accept this quest to receive extra magazines. This Quest chain repeats in an endless loop." />
				<property name="CustomIcon" value="bundleBooks"/>
				<property name="repeatable" value="true"/>
				<property name="category_key" value="Quest"/>
				<property name="difficulty" value="easy"/>
				<property name="shareable" value="false"/>

				<objective type="Fetch" id="resourcePaint" value="15" phase="1"/>
				<objective type="Fetch" id="resourceCloth" value="10" phase="1"/>
				<objective type="Fetch" id="meleeToolPaintTool" value="1" phase="1"/>
				<objective type="Fetch" id="resourcePaper" value="25" phase="1"/>

				<objective type="EntityKill" id="zombieNurse" value="2" phase="2"/>
                 
				<reward type="Exp" value="50"/>
				<reward type="Item" id="medicalSkillMagazineAC" value="1"/>

				<reward type="Quest" id="quest_armorSkillMagazine">
					<property name="chainquest" value="false"/>
				</reward>
			</quest>

		<quest id="quest_armorSkillMagazine">

			<property name="offer_key" value="Accept this quest to receive extra magazines. This Quest chain repeats in an endless loop." />
			<property name="name_key" value="Magazines 3" />
			<property name="subtitle_key" value="Armor Magazine" />
			<property name="description_key" value="Accept this quest to receive extra magazines. This Quest chain repeats in an endless loop." />
			<property name="CustomIcon" value="bundleBooks"/>
			<property name="repeatable" value="true"/>
			<property name="category_key" value="Quest"/>
			<property name="difficulty" value="easy"/>
			<property name="shareable" value="false"/>

			<objective type="Fetch" id="resourcePaint" value="15" phase="1"/>
			<objective type="Fetch" id="armorParts" value="1" phase="1"/>
			<objective type="Fetch" id="meleeToolPaintTool" value="1" phase="1"/>
			<objective type="Fetch" id="resourcePaper" value="25" phase="1"/>

			<objective type="EntityKill" id="zombieSoldier" value="2" phase="2"/>	

			<reward type="Exp" value="50"/>
			<reward type="Item" id="armorSkillMagazineAC" value="1"/>

			<reward type="Quest" id="quest_machineGunsSkillMagazine">
				<property name="chainquest" value="false"/>
			</reward>
		</quest>
		
		<quest id="quest_machineGunsSkillMagazine">

			<property name="offer_key" value="Accept this quest to receive extra magazines. This Quest chain repeats in an endless loop." />
			<property name="name_key" value="Magazines 4" />
			<property name="subtitle_key" value="Machine Guns Magazine" />
			<property name="description_key" value="Accept this quest to receive extra magazines. This Quest chain repeats in an endless loop." />
			<property name="CustomIcon" value="bundleBooks"/>
			<property name="repeatable" value="true"/>
			<property name="category_key" value="Quest"/>
			<property name="difficulty" value="easy"/>
			<property name="shareable" value="false"/>

			<objective type="Fetch" id="resourcePaint" value="15" phase="1"/>
			<objective type="Fetch" id="gunMGT1AK47Parts" value="1" phase="1"/>
			<objective type="Fetch" id="meleeToolPaintTool" value="1" phase="1"/>
			<objective type="Fetch" id="resourcePaper" value="25" phase="1"/>

			<objective type="EntityKill" id="zombieBusinessMan" value="2" phase="2"/>

			<reward type="Exp" value="50"/>
			<reward type="Item" id="machineGunsSkillMagazineAC" value="1"/>

			<reward type="Quest" id="quest_riflesSkillMagazine">
				<property name="chainquest" value="false"/>
			</reward>
		</quest>

		<quest id="quest_riflesSkillMagazine">

			<property name="offer_key" value="Accept this quest to receive extra magazines. This Quest chain repeats in an endless loop." />
			<property name="name_key" value="Magazines 5" />
			<property name="subtitle_key" value="Rifle Magazine" />
			<property name="description_key" value="Accept this quest to receive extra magazines. This Quest chain repeats in an endless loop." />
			<property name="CustomIcon" value="bundleBooks"/>
			<property name="repeatable" value="true"/>
			<property name="category_key" value="Quest"/>
			<property name="difficulty" value="easy"/>
			<property name="shareable" value="false"/>

			<objective type="Fetch" id="resourcePaint" value="15" phase="1"/>
			<objective type="Fetch" id="gunRifleT1HuntingRifleParts" value="1" phase="1"/>
			<objective type="Fetch" id="meleeToolPaintTool" value="1" phase="1"/>
			<objective type="Fetch" id="resourcePaper" value="25" phase="1"/>

			<objective type="EntityKill" id="zombiePartyGirl" value="1" phase="2"/>

			<reward type="Exp" value="50"/>
			<reward type="Item" id="riflesSkillMagazineAC" value="1"/>

			<reward type="Quest" id="quest_shotgunsSkillMagazine">
				<property name="chainquest" value="false"/>
			</reward>
		</quest>

		<quest id="quest_shotgunsSkillMagazine">

			<property name="offer_key" value="Accept this quest to receive extra magazines. This Quest chain repeats in an endless loop." />
			<property name="name_key" value="Magazines 6" />
			<property name="subtitle_key" value="Shotgun Magazine" />
			<property name="description_key" value="Accept this quest to receive extra magazines. This Quest chain repeats in an endless loop." />
			<property name="CustomIcon" value="bundleBooks"/>
			<property name="repeatable" value="true"/>
			<property name="category_key" value="Quest"/>
			<property name="difficulty" value="easy"/>
			<property name="shareable" value="false"/>

			<objective type="Fetch" id="resourcePaint" value="15" phase="1"/>
			<objective type="Fetch" id="gunShotgunT1DoubleBarrelParts" value="1" phase="1"/>
			<objective type="Fetch" id="meleeToolPaintTool" value="1" phase="1"/>
			<objective type="Fetch" id="resourcePaper" value="25" phase="1"/>

			<objective type="EntityKill" id="zombieSteve" value="2" phase="2"/>

			<reward type="Exp" value="50"/>
			<reward type="Item" id="shotgunsSkillMagazineAC" value="1"/>

			<reward type="Quest" id="quest_trapsSkillMagazine">
				<property name="chainquest" value="false"/>
			</reward>
		</quest>

		<quest id="quest_trapsSkillMagazine">
			   
		<property name="offer_key" value="Accept this quest to receive extra magazines. This Quest chain repeats in an endless loop." />
		<property name="name_key" value="Magazines 7" />
		<property name="subtitle_key" value="Trap Magazine" />
		<property name="description_key" value="Accept this quest to receive extra magazines. This Quest chain repeats in an endless loop." />
		<property name="CustomIcon" value="bookForgeAhead"/>
		<property name="repeatable" value="true"/>
		<property name="category_key" value="Quest"/>
		<property name="difficulty" value="easy"/>
		<property name="shareable" value="false"/>

		<objective type="Fetch" id="resourcePaint" value="15" phase="1"/>
		<objective type="Fetch" id="resourceMetalPipe" value="10" phase="1"/>
		<objective type="Fetch" id="meleeToolPaintTool" value="1" phase="1"/>
		<objective type="Fetch" id="resourcePaper" value="25" phase="1"/>

		<objective type="EntityKill" id="zombieSteveCrawler" value="2" phase="2"/>

		<reward type="Exp" value="50"/>
		<reward type="Item" id="trapsSkillMagazineAC" value="1"/>

		<reward type="Quest" id="quest_roboticsSkillMagazine">
			<property name="chainquest" value="false"/>
		</reward>

		</quest>
		
		<quest id="quest_roboticsSkillMagazine">

			<property name="offer_key" value="Accept this quest to craft magazines. This Quest chain repeats in an endless loop." />
			<property name="name_key" value="Magazines 8" />
			<property name="subtitle_key" value="Robotic Magazine" />
			<property name="description_key" value="Accept this quest to receive extra magazines. This Quest chain repeats in an endless loop." />
			<property name="CustomIcon" value="bookForgeAhead"/>
			<property name="repeatable" value="true"/>
			<property name="category_key" value="Quest"/>
			<property name="difficulty" value="easy"/>
			<property name="shareable" value="false"/>

			<objective type="Fetch" id="resourcePaint" value="15" phase="1"/>
			<objective type="Fetch" id="gunBotRoboticsParts" value="1" phase="1"/>
			<objective type="Fetch" id="meleeToolPaintTool" value="1" phase="1"/>
			<objective type="Fetch" id="resourcePaper" value="25" phase="1"/>

			<objective type="EntityKill" id="zombieTomClark" value="2" phase="2"/>

			<reward type="Exp" value="50"/>
			<reward type="Item" id="roboticsSkillMagazineAC" value="1"/>

			<reward type="Quest" id="quest_explosivesSkillMagazine">
				<property name="chainquest" value="false"/>
			</reward>

		</quest>

		<quest id="quest_explosivesSkillMagazine">

			<property name="offer_key" value="Accept this quest to receive extra magazines. This Quest chain repeats in an endless loop." />
			<property name="name_key" value="Magazines 9" />
			<property name="subtitle_key" value="Explosive Magazine" />
			<property name="description_key" value="Accept this quest to receive extra magazines. This Quest chain repeats in an endless loop." />
			<property name="CustomIcon" value="bookForgeAhead"/>
			<property name="repeatable" value="true"/>
			<property name="category_key" value="Quest"/>
			<property name="difficulty" value="easy"/>
			<property name="shareable" value="false"/>

			<objective type="Fetch" id="resourcePaint" value="15" phase="1"/>
			<objective type="Fetch" id="gunExplosivesT3RocketLauncherParts" value="1" phase="1"/>
			<objective type="Fetch" id="meleeToolPaintTool" value="1" phase="1"/>
			<objective type="Fetch" id="resourcePaper" value="25" phase="1"/>

			<objective type="EntityKill" id="zombieJoe" value="2" phase="2"/>

			<reward type="Exp" value="50"/>
			<reward type="Item" id="explosivesSkillMagazineAC" value="1"/>

			<reward type="Quest" id="quest_handgunsSkillMagazine">
				<property name="chainquest" value="false"/>
			</reward>

		</quest>

		<quest id="quest_handgunsSkillMagazine">

			<property name="offer_key" value="Accept this quest to receive extra magazines. This Quest chain repeats in an endless loop." />
			<property name="name_key" value="Magazines 10" />
			<property name="subtitle_key" value="Pistol Magazine" />
			<property name="description_key" value="Accept this quest to receive extra magazines. This Quest chain repeats in an endless loop." />
			<property name="CustomIcon" value="bookForgeAhead"/>
			<property name="repeatable" value="true"/>
			<property name="category_key" value="Quest"/>
			<property name="difficulty" value="easy"/>
			<property name="shareable" value="false"/>

			<objective type="Fetch" id="resourcePaint" value="15" phase="1"/>
			<objective type="Fetch" id="gunHandgunT1PistolParts" value="1" phase="1"/>
			<objective type="Fetch" id="meleeToolPaintTool" value="1" phase="1"/>
			<objective type="Fetch" id="resourcePaper" value="25" phase="1"/>

			<objective type="EntityKill" id="zombieMoe" value="2" phase="2"/>

			<reward type="Exp" value="50"/>
			<reward type="Item" id="handgunsSkillMagazineAC" value="1"/>

			<reward type="Quest" id="quest_harvestingToolsSkillMagazine">
				<property name="chainquest" value="false"/>
			</reward>

		</quest>

		<quest id="quest_harvestingToolsSkillMagazine">

			<property name="offer_key" value="Accept this quest to receive extra magazines. This Quest chain repeats in an endless loop." />
			<property name="name_key" value="Magazines 11" />
			<property name="subtitle_key" value="Harvesting Magazine" />
			<property name="description_key" value="Accept this quest to receive extra magazines. This Quest chain repeats in an endless loop." />
			<property name="CustomIcon" value="bookForgeAhead"/>
			<property name="repeatable" value="true"/>
			<property name="category_key" value="Quest"/>
			<property name="difficulty" value="easy"/>
			<property name="shareable" value="false"/>

			<objective type="Fetch" id="resourcePaint" value="15" phase="1"/>
			<objective type="Fetch" id="meleeToolAllSteelParts" value="1" phase="1"/>
			<objective type="Fetch" id="meleeToolPaintTool" value="1" phase="1"/>
			<objective type="Fetch" id="resourcePaper" value="25" phase="1"/>

			<objective type="EntityKill" id="zombieDarlene" value="2" phase="2"/>

			<reward type="Exp" value="50"/>
			<reward type="Item" id="harvestingToolsSkillMagazineAC" value="1"/>

			<reward type="Quest" id="quest_repairToolsSkillMagazine">
				<property name="chainquest" value="false"/>
			</reward>

		</quest>

		<quest id="quest_repairToolsSkillMagazine">

			<property name="offer_key" value="Accept this quest to receive extra magazines. This Quest chain repeats in an endless loop." />
			<property name="name_key" value="Magazines 12" />
			<property name="subtitle_key" value=" Tool Magazine" />
			<property name="description_key" value="Accept this quest to receive extra magazines. This Quest chain repeats in an endless loop." />
			<property name="CustomIcon" value="bookForgeAhead"/>
			<property name="repeatable" value="true"/>
			<property name="category_key" value="Quest"/>
			<property name="difficulty" value="easy"/>
			<property name="shareable" value="false"/>

			<objective type="Fetch" id="resourcePaint" value="15" phase="1"/>
			<objective type="Fetch" id="resourceMetalPipe" value="10" phase="1"/>
			<objective type="Fetch" id="meleeToolPaintTool" value="1" phase="1"/>
			<objective type="Fetch" id="resourcePaper" value="25" phase="1"/>

			<objective type="EntityKill" id="zombieMarlene" value="2" phase="2"/>

			<reward type="Exp" value="50"/>
			<reward type="Item" id="repairToolsSkillMagazineAC" value="1"/>

			<reward type="Quest" id="quest_knucklesSkillMagazine">
				<property name="chainquest" value="false"/>
			</reward>

		</quest>

		<quest id="quest_knucklesSkillMagazine">

			<property name="offer_key" value="Accept this quest to receive extra magazines. This Quest chain repeats in an endless loop." />
			<property name="name_key" value="Magazines 13" />
			<property name="subtitle_key" value="Knuckle Magazine" />
			<property name="description_key" value="Accept this quest to receive extra magazines. This Quest chain repeats in an endless loop." />
			<property name="CustomIcon" value="bookForgeAhead"/>
			<property name="repeatable" value="true"/>
			<property name="category_key" value="Quest"/>
			<property name="difficulty" value="easy"/>
			<property name="shareable" value="false"/>

			<objective type="Fetch" id="resourcePaint" value="15" phase="1"/>
			<objective type="Fetch" id="meleeWpnKnucklesT3SteelKnucklesParts" value="1" phase="1"/>
			<objective type="Fetch" id="meleeToolPaintTool" value="1" phase="1"/>
			<objective type="Fetch" id="resourcePaper" value="25" phase="1"/>

			<objective type="EntityKill" id="zombieJanitor" value="2" phase="2"/>

			<reward type="Exp" value="50"/>
			<reward type="Item" id="knucklesSkillMagazineAC" value="1"/>

			<reward type="Quest" id="quest_bladesSkillMagazine">
				<property name="chainquest" value="false"/>
			</reward>

		</quest>

		<quest id="quest_bladesSkillMagazine">

			<property name="offer_key" value="Accept this quest to receive extra magazines. This Quest chain repeats in an endless loop." />
			<property name="name_key" value="Magazines 14" />
			<property name="subtitle_key" value="Knife Magazine" />
			<property name="description_key" value="Accept this quest to receive extra magazines. This Quest chain repeats in an endless loop." />
			<property name="CustomIcon" value="bookForgeAhead"/>
			<property name="repeatable" value="true"/>
			<property name="category_key" value="Quest"/>
			<property name="difficulty" value="easy"/>
			<property name="shareable" value="false"/>

			<objective type="Fetch" id="resourcePaint" value="15" phase="1"/>
			<objective type="Fetch" id="meleeWpnBladeT3MacheteParts" value="1" phase="1"/>
			<objective type="Fetch" id="meleeToolPaintTool" value="1" phase="1"/>
			<objective type="Fetch" id="resourcePaper" value="25" phase="1"/>

			<objective type="EntityKill" id="zombieSpider" value="2" phase="2"/>

			<reward type="Exp" value="50"/>
			<reward type="Item" id="bladesSkillMagazineAC" value="1"/>

			<reward type="Quest" id="quest_clubsSkillMagazine">
				<property name="chainquest" value="false"/>
			</reward>

		</quest>

		<quest id="quest_clubsSkillMagazine">

			<property name="offer_key" value="Accept this quest to receive extra magazines. This Quest chain repeats in an endless loop." />
			<property name="name_key" value="Magazines 15" />
			<property name="subtitle_key" value="Club Magazine" />
			<property name="description_key" value="Accept this quest to receive extra magazines. This Quest chain repeats in an endless loop." />
			<property name="CustomIcon" value="bookForgeAhead"/>
			<property name="repeatable" value="true"/>
			<property name="category_key" value="Quest"/>
			<property name="difficulty" value="easy"/>
			<property name="shareable" value="false"/>

			<objective type="Fetch" id="resourcePaint" value="15" phase="1"/>
			<objective type="Fetch" id="meleeWpnClubT3SteelClubParts" value="1" phase="1"/>
			<objective type="Fetch" id="meleeToolPaintTool" value="1" phase="1"/>
			<objective type="Fetch" id="resourcePaper" value="25" phase="1"/>

			<objective type="EntityKill" id="zombieLab" value="2" phase="2"/>

			<reward type="Exp" value="50"/>
			<reward type="Item" id="clubsSkillMagazineAC" value="1"/>

			<reward type="Quest" id="quest_sledgehammersSkillMagazine">
				<property name="chainquest" value="false"/>
			</reward>

		</quest>

		<quest id="quest_sledgehammersSkillMagazine">

			<property name="offer_key" value="Accept this quest to receive extra magazines. This Quest chain repeats in an endless loop." />
			<property name="name_key" value="Magazines 16" />
			<property name="subtitle_key" value="Sledgehammer Magazine" />
			<property name="description_key" value="Accept this quest to receive extra magazines. This Quest chain repeats in an endless loop." />
			<property name="CustomIcon" value="bookForgeAhead"/>
			<property name="repeatable" value="true"/>
			<property name="category_key" value="Quest"/>
			<property name="difficulty" value="easy"/>
			<property name="shareable" value="false"/>

			<objective type="Fetch" id="resourcePaint" value="15" phase="1"/>
			<objective type="Fetch" id="meleeWpnSledgeT3SteelSledgehammerParts" value="1" phase="1"/>
			<objective type="Fetch" id="meleeToolPaintTool" value="1" phase="1"/>
			<objective type="Fetch" id="resourcePaper" value="25" phase="1"/>

			<objective type="EntityKill" id="zombieFatHawaiian" value="2" phase="2"/>

			<reward type="Exp" value="50"/>
			<reward type="Item" id="sledgehammersSkillMagazineAC" value="1"/>

			<reward type="Quest" id="quest_spearsSkillMagazine">
				<property name="chainquest" value="false"/>
			</reward>

		</quest>

		<quest id="quest_spearsSkillMagazine">

			<property name="offer_key" value="Accept this quest to receive extra magazines. This Quest chain repeats in an endless loop." />
			<property name="name_key" value="Magazines 17" />
			<property name="subtitle_key" value="Spear Magazine" />
			<property name="description_key" value="Accept this quest to receive extra magazines. This Quest chain repeats in an endless loop." />
			<property name="CustomIcon" value="bookForgeAhead"/>
			<property name="repeatable" value="true"/>
			<property name="category_key" value="Quest"/>
			<property name="difficulty" value="easy"/>
			<property name="shareable" value="false"/>

			<objective type="Fetch" id="resourcePaint" value="15" phase="1"/>
			<objective type="Fetch" id="meleeWpnSpearT3SteelSpearParts" value="1" phase="1"/>
			<objective type="Fetch" id="meleeToolPaintTool" value="1" phase="1"/>
			<objective type="Fetch" id="resourcePaper" value="25" phase="1"/>

			<objective type="EntityKill" id="zombieSkateboarder" value="2" phase="2"/>

			<reward type="Exp" value="50"/>
			<reward type="Item" id="spearsSkillMagazineAC" value="1"/>

			<reward type="Quest" id="quest_bowsSkillMagazine">
				<property name="chainquest" value="false"/>
			</reward>

		</quest>

		<quest id="quest_bowsSkillMagazine">

			<property name="offer_key" value="Accept this quest to receive extra magazines. This Quest chain repeats in an endless loop." />
			<property name="name_key" value="Magazines 18" />
			<property name="subtitle_key" value="Bow Magazine" />
			<property name="description_key" value="Accept this quest to receive extra magazines. This Quest chain repeats in an endless loop." />
			<property name="CustomIcon" value="bookForgeAhead"/>
			<property name="repeatable" value="true"/>
			<property name="category_key" value="Quest"/>
			<property name="difficulty" value="easy"/>
			<property name="shareable" value="false"/>

			<objective type="Fetch" id="resourcePaint" value="15" phase="1"/>
			<objective type="Fetch" id="gunBowT1WoodenBowParts" value="1" phase="1"/>
			<objective type="Fetch" id="meleeToolPaintTool" value="1" phase="1"/>
			<objective type="Fetch" id="resourcePaper" value="25" phase="1"/>

			<objective type="EntityKill" id="zombieBoe" value="2" phase="2"/>

			<reward type="Exp" value="50"/>
			<reward type="Item" id="bowsSkillMagazineAC" value="1"/>

			<reward type="Quest" id="quest_electricianSkillMagazine">
				<property name="chainquest" value="false"/>
			</reward>

		</quest>
		
				<quest id="quest_electricianSkillMagazine">

					<property name="offer_key" value="Accept this quest to receive extra magazines. This Quest chain repeats in an endless loop." />
					<property name="name_key" value="Magazines 19" />
					<property name="subtitle_key" value="Electrician Magazine" />
					<property name="description_key" value="Accept this quest to receive extra magazines. This Quest chain repeats in an endless loop." />
					<property name="CustomIcon" value="bundleBooks"/>
					<property name="repeatable" value="true"/>
					<property name="category_key" value="Quest"/>
					<property name="difficulty" value="easy"/>
					<property name="shareable" value="false"/>

					<objective type="Fetch" id="resourcePaint" value="15" phase="1"/>
					<objective type="Fetch" id="resourceElectricParts" value="10" phase="1"/>
					<objective type="Fetch" id="meleeToolPaintTool" value="1" phase="1"/>
					<objective type="Fetch" id="resourcePaper" value="25" phase="1"/>

					<objective type="EntityKill" id="zombieYo" value="2" phase="2"/>

					<reward type="Exp" value="50"/>
					<reward type="Item" id="electricianSkillMagazineAC" value="1"/>

					<reward type="Quest" id="quest_workstationSkillMagazine">
						<property name="chainquest" value="false"/>
					</reward>

			</quest> 

		<!-- End Removal of quests that don't fit in to this pack / quests that are placed outside the main POI for this pack -->

	</append>

</configs>