﻿<?xml version="1.0" encoding="UTF-8"?>
<prefab>
  <property name="CopyAirBlocks" value="True" />
  <property name="ExcludeDistantPOIMesh" value="False" />
  <property name="ExcludePOICulling" value="False" />
  <property name="DistantPOIYOffset" value="0" />
  <property name="AllowTopSoilDecorations" value="False" />
  <property name="DifficultyTier" value="2" />
  <property name="ShowQuestClearCount" value="1" />
  <property name="TraderArea" value="False" />
  <property name="PrefabSize" value="29, 45, 26" />
  <property name="RotationToFaceNorth" value="2" />
  <property name="Zoning" value="none" />
  <property name="SleeperVolumeSize" value="21, 5, 16#15, 4, 19#4, 2, 8#10, 5, 15#6, 3, 4#5, 1, 2#4, 1, 1#2, 1, 3#20, 5, 22#6, 2, 2#4, 1, 6#5, 4, 11#5, 2, 8#14, 3, 11#14, 3, 7#1, 1, 2#2, 1, 1#1, 1, 1#2, 1, 1#3, 1, 3#1, 1, 4#7, 1, 1#1, 1, 1#1, 1, 1#1, 1, 1#2, 1, 2#2, 1, 9#2, 1, 1#5, 1, 11#5, 2, 17#1, 1, 1#1, 1, 1#15, 3, 15#3, 2, 3#4, 2, 3" />
  <property name="SleeperVolumeStart" value="4, 10, 6#6, 14, 4#25, 8, 9#9, 6, 7#17, 8, 17#7, 25, 10#19, 25, 12#13, 25, 17#3, 18, 3#17, 8, 8#20, 8, 11#6, 2, 7#20, 0, 8#6, 0, 8#11, 4, 8#15, 25, 21#19, 25, 14#9, 20, 12#13, 25, 9#7, 16, 15#21, 0, 9#15, 5, 16#21, 5, 8#17, 4, 8#17, 4, 11#12, 4, 12#6, 8, 5#21, 8, 13#12, 40, 6#13, 31, 3#8, 20, 12#6, 20, 12#13, 20, 0#18, 25, 17#18, 20, 5" />
  <property name="SleeperVolumeGroupId" value="0,0,0,0,0,0,0,0,0,0,0,0,0,0,0,0,0,0,0,0,0,0,0,0,0,0,0,0,0,0,0,0,0,0,0" />
  <property name="SleeperVolumeGroup" value="S_-_Group_Zom_Badass,9,10,S_-Group_Generic_Zombie,5,6,S_-_Group_Zom_Soldier,6,8,S_-_Group_Lab_Worker,7,8,S_-_Group_Lab_Worker,2,3,zombieSoldierRadiated,10,10,zombieWightRadiated,4,4,zombieMutatedRadiated,6,6,S_-_Group_Zom_Soldier,6,7,zombieSteveCrawlerFeral,5,5,S_-Group_Generic_Zombie,4,5,S_-Group_Generic_Zombie,2,3,S_-Group_Generic_Zombie,5,6,S_-Group_Generic_Zombie,9,10,S_-Group_Generic_Zombie,15,15,zombieMutatedFeral,2,2,zombieMutatedFeral,2,2,animalDireWolf,1,1,zombieMutatedFeral,2,2,zombieSoldierFeral,3,3,zombieSoldierFeral,4,4,S_-Group_Generic_Zombie,3,3,S_-Group_Generic_Zombie,1,1,S_-Group_Generic_Zombie,1,1,S_-Group_Generic_Zombie,1,1,S_-Group_Generic_Zombie,3,3,S_-_Group_Lab_Worker,5,5,zombieSoldierFeral,2,2,animalZombieVultureRadiated,2,4,animalZombieVulture,6,12,animalDireWolf,1,1,animalSnake,1,1,S_-Group_Generic_Zombie,5,6,animalBossGrace,1,1,animalBear,1,1" />
  <property name="SleeperIsLootVolume" value="False,False,False,False,False,False,False,False,False,False,False,False,False,False,False,False,False,False,False,False,False,False,False,False,False,False,False,False,False,False,False,False,False,False,False" />
  <property name="SleeperIsQuestExclude" value="True,True,True,True,True,False,False,False,True,False,True,True,True,True,False,False,False,False,False,False,False,False,False,False,False,False,False,False,False,False,False,False,False,False,False" />
  <property name="SleeperVolumeFlags" value="0,0,3,0,3,3,3,3,0,3,3,0,3,3,0,3,3,0,3,3,3,3,3,3,3,3,3,3,3,3,0,0,0,3,3" />
  <property name="SleeperVolumeTriggeredBy" value=" # #4# #17#20#20#22# #4#9# # # # #13#13# #13#12#6#16#16#16#16#16#17#3#21#19# # # #21#21" />
  <property name="QuestTags" value="clear, restore_power, infested" />
  <property name="TriggerVolumeSize" value="3, 3, 1#2, 3, 2#7, 3, 7#22, 1, 24#1, 1, 1#1, 1, 1#1, 1, 1#1, 3, 2#1, 1, 3" />
  <property name="TriggerVolumeStart" value="16, 4, 12#6, 4, 15#12, 34, 8#3, 23, 3#20, 20, 10#13, 20, 8#14, 20, 21#14, 8, 8#14, 30, 10" />
  <property name="TriggerVolumeTriggers" value="16#17#21#19#20#20#20#17#22" />
  <property class="IndexedBlockOffsets">
    <property class="TraderOnOff">
      <property name="0" value="24, 23, 15" />
      <property name="1" value="16, 14, 16" />
      <property name="2" value="22, 12, 17" />
      <property name="3" value="27, 10, 17" />
      <property name="4" value="16, 8, 18" />
      <property name="5" value="16, 12, 18" />
      <property name="6" value="15, 22, 19" />
      <property name="7" value="15, 16, 20" />
      <property name="8" value="15, 20, 21" />
      <property name="9" value="19, 16, 25" />
    </property>
    <property class="Rally">
      <property name="0" value="1, 0, 5" />
    </property>
    <property class="POILight">
      <property name="0" value="16, 22, 13" />
      <property name="1" value="20, 22, 13" />
      <property name="2" value="15, 2, 14" />
      <property name="3" value="15, 6, 14" />
      <property name="4" value="15, 14, 14" />
      <property name="5" value="16, 10, 14" />
      <property name="6" value="17, 2, 14" />
      <property name="7" value="17, 6, 14" />
      <property name="8" value="17, 14, 14" />
      <property name="9" value="19, 6, 14" />
      <property name="10" value="19, 14, 14" />
      <property name="11" value="20, 18, 14" />
      <property name="12" value="21, 6, 14" />
      <property name="13" value="21, 10, 14" />
      <property name="14" value="24, 23, 14" />
      <property name="15" value="15, 18, 15" />
      <property name="16" value="21, 10, 15" />
      <property name="17" value="21, 22, 15" />
      <property name="18" value="22, 2, 15" />
      <property name="19" value="20, 18, 16" />
      <property name="20" value="25, 5, 16" />
      <property name="21" value="16, 22, 17" />
      <property name="22" value="19, 14, 17" />
      <property name="23" value="20, 22, 17" />
      <property name="24" value="21, 14, 17" />
      <property name="25" value="23, 14, 17" />
      <property name="26" value="27, 8, 17" />
      <property name="27" value="17, 10, 18" />
      <property name="28" value="17, 14, 18" />
      <property name="29" value="17, 18, 18" />
      <property name="30" value="19, 10, 18" />
      <property name="31" value="19, 14, 18" />
      <property name="32" value="20, 18, 18" />
      <property name="33" value="15, 9, 19" />
      <property name="34" value="15, 13, 19" />
      <property name="35" value="15, 35, 20" />
      <property name="36" value="16, 18, 20" />
      <property name="37" value="19, 10, 20" />
      <property name="38" value="19, 14, 20" />
      <property name="39" value="20, 18, 20" />
      <property name="40" value="14, 17, 21" />
      <property name="41" value="14, 22, 21" />
      <property name="42" value="16, 22, 21" />
      <property name="43" value="20, 22, 21" />
      <property name="44" value="24, 19, 21" />
      <property name="45" value="17, 18, 22" />
      <property name="46" value="20, 18, 22" />
    </property>
    <property class="QuestRestorePower">
      <property name="0" value="22, 0, 15" />
    </property>
  </property>
  <property class="Stats">
    <property name="TotalVertices" value="1749795" />
    <property name="TotalTriangles" value="605220" />
    <property class="BlockEntities">
      <property name="Vertices" value="1657373" />
      <property name="Triangles" value="545680" />
    </property>
    <property class="ChunkMeshes0">
      <property name="Vertices" value="87370" />
      <property name="Triangles" value="57014" />
    </property>
    <property class="ChunkMeshes1">
      <property name="Vertices" value="0" />
      <property name="Triangles" value="0" />
    </property>
    <property class="ChunkMeshes2">
      <property name="Vertices" value="0" />
      <property name="Triangles" value="0" />
    </property>
    <property class="ChunkMeshes3">
      <property name="Vertices" value="2124" />
      <property name="Triangles" value="1062" />
    </property>
    <property class="ChunkMeshes4">
      <property name="Vertices" value="2928" />
      <property name="Triangles" value="1464" />
    </property>
    <property class="ChunkMeshes5">
      <property name="Vertices" value="0" />
      <property name="Triangles" value="0" />
    </property>
    <property class="ChunkMeshes6">
      <property name="Vertices" value="0" />
      <property name="Triangles" value="0" />
    </property>
  </property>
</prefab>