﻿<?xml version="1.0" encoding="UTF-8"?>
<prefab>
  <property name="CopyAirBlocks" value="True" />
  <property name="AllowTopSoilDecorations" value="True" />
  <property name="ExcludeDistantPOIMesh" value="False" />
  <property name="ExcludePOICulling" value="False" />
  <property name="DifficultyTier" value="5" />
  <property name="YOffset" value="-20" />
  <property name="DistantPOIYOffset" value="0" />
  <property name="AllowedBiomes" value="snow,desert,pineforest,wasteland" />
  <property name="EditorGroups" value="industrial" />
  <property name="SleeperVolumeStart" value="86, 9, 35#13, 12, 26#52, 13, 52#14, 10, 45#59, 5, 26#108, 16, 40#80, 26, 39#31, 32, 7#120, 26, 34#113, 26, 34#106, 26, 32#98, 26, 30#147, 26, 38#141, 26, 43#109, 8, 41#94, 20, 35#94, 20, 50#87, 19, 47#80, 20, 47#108, 20, 38#134, 20, 42#127, 26, 49#112, 26, 50#104, 26, 51#97, 26, 52#80, 26, 53#47, 17, 55#5, 1, 32#9, 1, 28#47, 32, 9#21, 20, 0#74, 20, 0#134, 20, 23#131, 20, 52#28, 13, 73#5, 20, 48#16, 20, 24#5, 26, 52#23, 20, 50#41, 20, 54#59, 20, 50#60, 20, 39#51, 20, 39#23, 24, 53#37, 24, 54#59, 24, 52#65, 26, 37#65, 25, 25#56, 26, 24#55, 26, 17#21, 20, 16#27, 20, 16#41, 20, 16#55, 20, 20#64, 20, 26#47, 20, 74#30, 20, 74#13, 20, 74#29, 20, 67#26, 29, 60#36, 29, 60#7, 29, 68#72, 11, 49#72, 13, 40#74, 13, 27#60, 13, 50#60, 13, 39#59, 13, 39#54, 16, 24#31, 10, 24#13, 16, 34#12, 16, 24#13, 17, 46#29, 17, 46#33, 17, 46#26, 17, 46#41, 26, 16#27, 26, 16#26, 12, 36#83, 1, 45#83, 1, 28#75, 1, 54#67, 1, 38#50, 1, 38#14, 5, 25#37, 1, 46#26, 6, 63#1, 8, 36#-7, 8, 51#1, 13, 59#8, 13, 56#32, 13, 58#26, 14, 47#37, 9, 54#82, 20, 29#93, 32, 40#0, 32, 34#75, 25, 16#65, 8, 24#74, 13, 20#71, 13, 36#24, 17, 46#10, 19, 52#12, 17, 46#23, 17, 56#21, 20, 38#-3, 13, 45#0, 12, 34#-5, 12, 23#-5, 8, 24#1, 8, 36#-3, 9, 54#6, 1, 61#57, 14, 38#98, 32, 28#6, 31, 5#1, 26, 15#0, 16, 27#31, 24, 1#116, 9, 38#134, 9, 38#136, 13, 38#103, 12, 36#18, 10, 50#51, 13, 78#41, 13, 74#63, 13, 81#27, 7, 58#14, 1, 28#63, 6, 39#61, 1, 29#78, 1, 29#32, 1, 21" />
  <property name="SleeperVolumeSize" value="7, 5, 21#12, 3, 18#8, 3, 14#22, 2, 18#18, 2, 3#37, 2, 12#14, 4, 13#15, 7, 15#6, 5, 7#6, 5, 7#6, 5, 8#7, 5, 9#14, 4, 13#6, 5, 10#36, 6, 10#14, 4, 7#14, 5, 4#6, 6, 12#6, 5, 15#26, 5, 14#8, 10, 8#7, 5, 5#11, 5, 8#8, 5, 7#7, 5, 9#17, 5, 9#11, 2, 11#7, 5, 29#3, 2, 4#20, 6, 15#53, 17, 6#41, 12, 25#32, 14, 16#34, 14, 15#13, 4, 12#18, 4, 19#7, 6, 24#18, 2, 15#14, 4, 17#18, 4, 13#19, 4, 17#19, 4, 11#9, 4, 11#14, 4, 14#22, 4, 13#20, 4, 15#14, 2, 15#14, 3, 12#9, 3, 15#10, 3, 7#6, 9, 7#10, 3, 23#14, 3, 11#9, 3, 19#15, 3, 13#18, 10, 10#17, 10, 11#17, 10, 10#31, 7, 7#10, 2, 5#43, 2, 8#48, 2, 5#10, 4, 17#10, 6, 9#8, 6, 13#15, 6, 2#15, 6, 2#19, 1, 13#11, 3, 5#22, 3, 2#23, 3, 4#24, 3, 10#12, 2, 18#4, 2, 18#3, 2, 18#3, 2, 18#14, 4, 11#10, 4, 23#11, 3, 9#15, 7, 17#15, 7, 17#8, 10, 8#15, 3, 15#15, 3, 15#17, 4, 18#15, 5, 28#18, 4, 10#15, 3, 15#15, 3, 15#5, 3, 8#15, 3, 15#15, 3, 15#11, 3, 15#16, 4, 9#15, 4, 15#15, 3, 15#20, 8, 22#15, 6, 10#13, 3, 6#8, 2, 19#11, 2, 14#13, 3, 15#15, 3, 15#12, 2, 18#14, 2, 11#16, 4, 15#15, 4, 13#16, 4, 12#17, 3, 12#17, 3, 12#15, 3, 15#15, 3, 15#18, 3, 2#15, 3, 15#22, 3, 11#24, 4, 21#15, 3, 15#17, 3, 18#11, 5, 12#15, 3, 15#15, 3, 15#15, 3, 15#15, 3, 15#19, 2, 16#11, 3, 13#10, 3, 13#15, 3, 4#15, 3, 15#15, 3, 14#19, 7, 14#15, 4, 8#5, 3, 7#20, 3, 25" />
  <property name="SleeperVolumeGroup" value="GroupZomBadassOnly,3,6,GroupZomSoldier,3,6,GroupZomSoldier,1,1,GroupZomSoldier,5,10,GroupZomSoldier,2,4,GroupZomSoldier,3,6,GroupZomSoldier,3,6,GroupGenericZombie,5,6,ZomBusinessman,1,2,ZomBusinessman,1,3,ZomBusinessman,1,2,ZomBusinessman,2,3,GroupZomBadassOnly,2,3,ZomBusinessman,2,3,GroupLabWorker,4,7,ZomBusinessman,2,4,ZomBusinessman,2,3,ZomBusinessman,1,2,ZomBusinessman,2,4,ZomHazMatOnly,4,8,ZomBusinessman,1,2,ZomBusinessman,1,2,ZomBusinessman,1,3,ZomBusinessman,1,3,ZomBusinessman,1,3,ZomHazMatOnly,2,4,GroupZomSoldier,3,5,ZomUtilityWorker,4,8,GroupZomSoldier,1,2,GroupGenericZombie,5,6,GroupGenericZombie,1,2,GroupZomSoldier,3,5,GroupGenericZombie,1,2,GroupGenericZombie,1,2,GroupGenericZombie,3,6,ZomUtilityWorker,1,3,ZomUtilityWorker,1,3,ZomUtilityWorker,2,4,ZomUtilityWorker,5,6,ZomUtilityWorker,1,3,ZomUtilityWorker,3,6,ZomUtilityWorker,1,2,ZomUtilityWorker,5,6,ZomUtilityWorker,3,6,ZomUtilityWorker,2,4,ZomUtilityWorker,2,4,ZomUtilityWorker,1,2,ZomUtilityWorker,1,3,ZomUtilityWorker,2,4,ZomUtilityWorker,1,2,ZomUtilityWorker,1,1,ZomUtilityWorker,1,3,ZomUtilityWorker,2,4,ZomUtilityWorker,1,3,ZomUtilityWorker,2,4,ZomUtilityWorker,1,2,ZomUtilityWorker,1,2,ZomUtilityWorker,1,2,ZomUtilityWorker,1,2,ZomUtilityWorker,1,1,ZomUtilityWorker,1,2,ZomUtilityWorker,1,1,GroupZomSoldier,1,3,GroupZomSoldier,1,1,GroupZomSoldier,1,3,ZomBusinessman,1,1,ZomBusinessman,1,1,ZomBusinessman,1,2,GroupZomSoldier,1,3,GroupZomSoldier,1,3,GroupZomSoldier,1,2,GroupZomSoldier,3,6,GroupHospital,3,6,GroupZomSoldier,1,2,GroupBikerBar,1,2,GroupBikerBar,1,2,ZomUtilityWorker,2,4,ZomUtilityWorker,2,4,GroupZomSoldier,2,4,GroupSpecialInfected,4,6,GroupZomSoldier,3,6,GroupZomSoldier,1,2,animalSnake,1,2,animalSnake,1,2,GroupNightClub,5,6,GroupGenericZombie,6,7,GroupGenericZombie,5,6,GroupGenericZombie,5,6,GroupGenericZombie,5,6,GroupGenericZombie,4,5,GroupGenericZombie,5,6,GroupNightClub,5,6,GroupGenericZombie,5,6,GroupGenericZombie,7,8,GroupGenericZombie,5,6,GroupGenericZombie,7,8,animalZombieVulture,11,15,GroupGenericZombie,8,9,GroupGenericZombie,4,5,GroupGenericZombie,5,6,GroupGenericZombie,7,8,GroupZomBadass,6,7,GroupGenericZombie,5,6,GroupGenericZombie,5,6,GroupGenericZombie,5,6,GroupGenericZombie,7,8,GroupGenericZombie,5,6,GroupGenericZombie,5,6,GroupGenericZombie,5,6,GroupGenericZombie,7,8,GroupGenericZombie,5,6,GroupGenericZombie,5,6,GroupGenericZombie,5,6,GroupGenericZombie,5,6,animalChicken,3,4,animalZombieVulture,5,6,GroupGenericZombie,5,6,GroupGenericZombie,5,6,GroupGenericZombie,5,6,GroupGenericZombie,5,6,GroupGenericZombie,5,6,GroupGenericZombie,5,6,GroupGenericZombie,5,6,GroupGenericZombie,5,6,GroupNightClub,3,6,GroupGenericZombie,4,5,ZomUtilityWorker,3,4,GroupGenericZombie,5,6,GroupAbandonedHouse,5,6,GroupGenericZombie,3,4,GroupNightClub,4,5,zombieSoldierFeral,1,2,GroupGenericZombie,6,7" />
  <property name="SleeperVolumeGameStageAdjust" value=",,,,,,,,,,,,,,,,,,,,,,,,,,,,,,,,,,,,,,,,,,,,,,,,,,,,,,,,,,,,,,,,,,,,,,,,,,,,,,,,,,,,,,,,,,,,,,,,,,,,,,,,,,,,,,,,,,,,,,,,,,,,,,,,,,,,,,,,,,,,,,,,,,,,,,,,,,,,,,,,,,,,,,,,,,,,,,,,,,,,,,,,,,,,,,,,,,,,,,,,,,,,,,,,,,,,,,,,,,,,,,,,,,,,,,,,,,,,,,,,,,,,," />
  <property name="SleeperIsLootVolume" value="False,False,False,False,False,False,False,False,False,False,False,False,False,False,False,False,False,False,False,False,False,False,False,False,False,False,False,False,False,False,False,False,False,False,False,False,False,False,False,False,False,False,False,False,False,False,False,False,False,False,False,False,False,False,False,False,False,False,False,False,False,False,False,False,False,False,False,False,False,False,False,False,False,False,False,False,False,False,False,False,False,False,False,False,False,False,False,False,False,False,False,False,False,False,False,False,False,False,False,False,False,False,False,False,False,False,False,False,False,False,False,False,False,False,False,False,False,False,False,False,False,False,False,False,False,False,False,False,False,False,False,False,False" />
  <property name="SleeperIsBossVolume" value="False,False,True,False,False,False,False,False,False,False,False,False,False,False,False,False,True,False,False,False,False,False,False,False,False,False,False,False,False,False,False,False,False,False,False,False,False,False,False,False,False,False,False,False,False,False,False,False,False,False,False,False,False,False,False,False,False,False,False,False,False,False,False,False,False,False,True,False,False,True,False,False,False,False,False,False,False,False,False,False,True,False,False,True,False,False,False,False,False,False,False,False,False,False,False,False,False,False,False,False,False,False,False,False,False,False,False,False,False,False,False,False,False,False,False,False,False,False,False,False,False,False,False,False,False,False,False,False,False,False,False,False,False,False,False,False,False,False,False,False,False,False,False,False,False,False,False,False,False,False,False,False,False,False,False,False,False,False,False,False,False,False,False,False,False,False,False,False,False,False,False,False,False,False,False,False,False,False,False,False,False,False,False,False,False,False,False,False,False,False,False,False,False,False,False,False,False,False,False,False,False,False,False,False,False,False,False,False,False,False,False,False,False,False,False,False,False,False,False,False,False,False,False,False,False,False,False,False,False,False,False,False,False,False,False,False,False,False,False,False,False,False,False,False,False,False" />
  <property name="SleeperVolumeGroupId" value="0,0,0,0,0,0,0,0,0,0,0,0,0,0,0,0,0,0,0,0,0,0,0,0,0,0,0,0,0,0,0,0,0,0,0,0,0,0,0,0,0,0,0,0,0,0,0,0,0,0,0,0,0,0,0,0,0,0,0,0,0,0,0,0,0,0,0,0,0,0,0,0,0,0,0,0,0,0,0,0,0,0,0,0,0,0,0,0,0,0,0,0,0,0,0,0,0,0,0,0,0,0,0,0,0,0,0,0,0,0,0,0,0,0,0,0,0,0,0,0,0,0,0,0,0,0,0,0,0,0,0,0,0" />
  <property name="SleeperVolumeFlags" value="0,0,0,0,0,0,0,0,0,0,0,0,0,0,0,0,0,0,0,0,0,0,0,0,0,0,0,0,0,0,0,0,0,0,0,0,0,0,0,0,0,0,0,0,0,0,0,0,0,0,0,0,0,0,0,0,0,0,0,0,0,0,0,0,0,0,0,0,0,0,0,0,0,0,0,0,0,0,0,0,0,0,0,0,0,0,0,0,0,3,3,3,2,3,0,0,0,0,3,0,0,0,0,0,0,0,0,0,0,0,0,0,0,0,0,0,0,0,0,0,0,0,0,0,3,3,3,0,0,0,0,2,0" />
  <property name="RotationToFaceNorth" value="0" />
  <property name="ShowQuestClearCount" value="1" />
  <property name="SleeperIsQuestExclude" value="False,False,False,False,False,False,False,False,False,False,False,False,False,False,False,False,False,False,False,False,False,False,False,False,False,False,False,False,False,False,False,False,False,False,False,False,False,False,False,False,False,False,False,False,False,False,False,False,False,False,False,False,False,False,False,False,False,False,False,False,False,False,False,False,False,False,False,False,False,False,False,False,False,False,False,False,False,False,False,False,False,False,False,False,False,False,False,False,False,False,False,False,False,False,False,False,False,False,False,False,False,False,False,False,False,False,False,False,False,False,False,False,False,False,False,False,False,False,False,False,False,False,False,False,False,False,False,False,False,False,False,False,False" />
  <property name="Zoning" value="any" />
  <property name="Tags" value="industrial" />
  <property name="PrefabSize" value="166, 40, 91" />
  <property name="SleeperVolumeTriggeredBy" value=" # # # # # # # # # # # # # # # # # # # # # # # # # # # # # # # # # # # # # # # # # # # # # # # # # # # # # # # # # # # # # # # # # # # # # # # # # # # # # # # # # # # # # # # # #3#4#6# #7# # # # #8# # # # # # # # # # # # # # # # # # # # # # # # # #18#17#16# # # # # # " />
  <property name="TraderArea" value="False" />
  <property name="QuestTags" value="wasteland, desert, snow, pineforest" />
  <property class="Stats">
    <property name="TotalVertices" value="12113238" />
    <property name="TotalTriangles" value="4722297" />
    <property class="BlockEntities">
      <property name="Vertices" value="10324392" />
      <property name="Triangles" value="3541273" />
    </property>
    <property class="ChunkMeshes0">
      <property name="Vertices" value="1721228" />
      <property name="Triangles" value="1078884" />
    </property>
    <property class="ChunkMeshes1">
      <property name="Vertices" value="0" />
      <property name="Triangles" value="0" />
    </property>
    <property class="ChunkMeshes2">
      <property name="Vertices" value="5738" />
      <property name="Triangles" value="4180" />
    </property>
    <property class="ChunkMeshes3">
      <property name="Vertices" value="3088" />
      <property name="Triangles" value="1544" />
    </property>
    <property class="ChunkMeshes4">
      <property name="Vertices" value="0" />
      <property name="Triangles" value="0" />
    </property>
    <property class="ChunkMeshes5">
      <property name="Vertices" value="58792" />
      <property name="Triangles" value="96416" />
    </property>
  </property>
  <property class="IndexedBlockOffsets">
    <property class="quest_wood_trees">
      <property name="0" value="164, 20, 72" />
    </property>
    <property class="POILight">
      <property name="0" value="165, 31, 57" />
      <property name="1" value="163, 31, 59" />
    </property>
    <property class="challenge_sinks">
      <property name="0" value="153, 21, 45" />
      <property name="1" value="153, 21, 47" />
      <property name="2" value="147, 22, 49" />
      <property name="3" value="148, 22, 49" />
    </property>
    <property class="TraderOnOff">
      <property name="0" value="152, 21, 45" />
      <property name="1" value="152, 21, 47" />
    </property>
    <property class="challenge_officechairs">
      <property name="0" value="149, 26, 50" />
    </property>
    <property class="challenge_pallet">
      <property name="0" value="85, 1, 48" />
      <property name="1" value="85, 2, 48" />
      <property name="2" value="85, 1, 49" />
      <property name="3" value="85, 2, 49" />
      <property name="4" value="85, 3, 49" />
      <property name="5" value="85, 4, 49" />
      <property name="6" value="85, 5, 49" />
      <property name="7" value="88, 1, 50" />
      <property name="8" value="88, 2, 50" />
      <property name="9" value="88, 3, 50" />
      <property name="10" value="88, 4, 50" />
      <property name="11" value="88, 5, 50" />
      <property name="12" value="89, 1, 50" />
      <property name="13" value="89, 2, 50" />
      <property name="14" value="89, 3, 50" />
      <property name="15" value="88, 1, 51" />
      <property name="16" value="88, 2, 51" />
      <property name="17" value="88, 3, 51" />
      <property name="18" value="88, 4, 51" />
      <property name="19" value="88, 5, 51" />
      <property name="20" value="89, 1, 51" />
      <property name="21" value="89, 3, 51" />
      <property name="22" value="88, 1, 52" />
      <property name="23" value="88, 2, 52" />
      <property name="24" value="88, 3, 52" />
      <property name="25" value="88, 4, 52" />
      <property name="26" value="88, 5, 52" />
      <property name="27" value="88, 1, 53" />
      <property name="28" value="88, 2, 53" />
      <property name="29" value="88, 3, 53" />
      <property name="30" value="88, 4, 53" />
      <property name="31" value="88, 5, 53" />
      <property name="32" value="86, 1, 56" />
      <property name="33" value="86, 2, 56" />
      <property name="34" value="86, 3, 56" />
      <property name="35" value="86, 4, 56" />
      <property name="36" value="86, 5, 56" />
    </property>
    <property class="quest_feather">
      <property name="0" value="163, 32, 36" />
    </property>
    <property class="challenge_barrels">
      <property name="0" value="136, 4, 45" />
    </property>
    <property class="FetchContainer">
      <property name="0" value="105, 7, 53" />
    </property>
    <property class="challenge_cars">
      <property name="0" value="73, 26, 62" />
      <property name="1" value="75, 26, 62" />
    </property>
    <property class="challenge_gore">
      <property name="0" value="128, 10, 47" />
    </property>
    <property class="Rally">
      <property name="0" value="104, 21, 80" />
    </property>
  </property>
</prefab>