﻿<?xml version="1.0" encoding="UTF-8"?>
<prefab>
  <property name="CopyAirBlocks" value="True" />
  <property name="ExcludeDistantPOIMesh" value="False" />
  <property name="ExcludePOICulling" value="False" />
  <property name="DistantPOIYOffset" value="0" />
  <property name="AllowTopSoilDecorations" value="False" />
  <property name="DifficultyTier" value="0" />
  <property name="ShowQuestClearCount" value="1" />
  <property name="TraderArea" value="False" />
  <property name="PrefabSize" value="6, 4, 5" />
  <property name="RotationToFaceNorth" value="2" />
  <property name="Tags" value="trader" />
  <property name="QuestTags" value="trader" />
  <property name="Zoning" value="any" />
  <property name="EditorGroups" value="any" />
  <property name="ThemeTags" value="trader, traderJen" />
  <property class="IndexedBlockOffsets">
    <property class="challenge_polymers">
      <property name="0" value="4, 1, 0" />
    </property>
    <property class="TraderOnOff">
      <property name="0" value="2, 2, 4" />
    </property>
    <property class="Trader">
      <property name="0" value="3, 0, 1" />
    </property>
  </property>
  <property class="Stats">
    <property name="TotalVertices" value="44062" />
    <property name="TotalTriangles" value="14949" />
    <property class="BlockEntities">
      <property name="Vertices" value="43398" />
      <property name="Triangles" value="14605" />
    </property>
    <property class="ChunkMeshes0">
      <property name="Vertices" value="664" />
      <property name="Triangles" value="344" />
    </property>
    <property class="ChunkMeshes1">
      <property name="Vertices" value="0" />
      <property name="Triangles" value="0" />
    </property>
    <property class="ChunkMeshes2">
      <property name="Vertices" value="0" />
      <property name="Triangles" value="0" />
    </property>
    <property class="ChunkMeshes3">
      <property name="Vertices" value="0" />
      <property name="Triangles" value="0" />
    </property>
    <property class="ChunkMeshes4">
      <property name="Vertices" value="0" />
      <property name="Triangles" value="0" />
    </property>
    <property class="ChunkMeshes5">
      <property name="Vertices" value="0" />
      <property name="Triangles" value="0" />
    </property>
  </property>
</prefab>