﻿<?xml version="1.0" encoding="UTF-8"?>
<prefab>
  <property name="CopyAirBlocks" value="True" />
  <property name="ExcludeDistantPOIMesh" value="False" />
  <property name="ExcludePOICulling" value="False" />
  <property name="DistantPOIYOffset" value="0" />
  <property name="AllowTopSoilDecorations" value="False" />
  <property name="DifficultyTier" value="4" />
  <property name="ShowQuestClearCount" value="1" />
  <property name="TraderArea" value="False" />
  <property name="PrefabSize" value="50, 55, 191" />
  <property name="RotationToFaceNorth" value="2" />
  <property name="Zoning" value="none" />
  <property name="YOffset" value="-8" />
  <property name="EditorGroups" value="any" />
  <property name="Tags" value="wilderness" />
  <property name="ThemeTags" value="wildernesspoi" />
  <property name="QuestTags" value="clear, restore_power, infested" />
  <property name="SleeperVolumeSize" value="26, 3, 15#15, 3, 15#15, 3, 15#15, 3, 15#15, 3, 15#15, 3, 15#15, 3, 15#15, 3, 15#15, 3, 15#15, 3, 15#15, 3, 15#15, 3, 15#15, 3, 15#15, 3, 15#7, 7, 12#14, 3, 16#15, 3, 15#15, 6, 15#16, 3, 15#15, 3, 15#15, 3, 15#15, 5, 20#15, 3, 15#15, 5, 15#18, 3, 15#15, 3, 15#15, 3, 15#15, 3, 15#8, 7, 18" />
  <property name="SleeperVolumeStart" value="9, 30, 64#7, 3, 127#26, 3, 128#22, 7, 105#7, 7, 103#23, 3, 157#21, 16, 103#10, 16, 105#3, 11, 102#10, 14, 104#21, 14, 103#21, 11, 102#27, 7, 118#23, 8, 92#26, 3, 61#10, 3, 59#7, 15, 32#16, 21, 56#12, 3, 111#23, 3, 77#8, 8, 90#6, 21, 79#19, 23, 90#22, 29, 65#16, 48, 69#15, 7, 15#28, 13, 116#17, 23, 115#33, 3, 55" />
  <property name="SleeperVolumeGroupId" value="0,0,0,0,0,0,0,0,0,0,0,0,0,0,0,0,0,0,0,0,0,0,0,0,0,0,0,0,0" />
  <property name="SleeperVolumeGroup" value="GroupGenericZombie,5,6,GroupGenericZombie,5,6,GroupGenericZombie,5,6,GroupGenericZombie,5,6,GroupGenericZombie,5,6,GroupGenericZombie,5,6,GroupGenericZombie,5,6,GroupGenericZombie,5,6,GroupGenericZombie,5,6,GroupGenericZombie,5,6,GroupGenericZombie,5,6,GroupGenericZombie,5,6,GroupGenericZombie,5,6,GroupGenericZombie,5,6,zombieInmateRadiated,5,6,GroupGenericZombie,5,6,GroupGenericZombie,5,6,GroupGenericZombie,5,6,GroupGenericZombie,5,6,GroupGenericZombie,5,6,GroupGenericZombie,5,6,GroupGenericZombie,5,6,GroupGenericZombie,5,6,GroupGenericZombie,5,6,GroupGenericZombie,5,6,GroupGenericZombie,5,6,GroupGenericZombie,5,6,GroupGenericZombie,5,6,GroupSpecialInfected,5,6" />
  <property name="SleeperIsLootVolume" value="False,False,False,False,False,False,False,False,False,False,False,False,False,False,False,False,False,False,False,False,False,False,False,False,False,False,False,False,False" />
  <property name="SleeperIsQuestExclude" value="False,False,False,False,False,False,False,False,False,False,False,False,False,False,False,False,False,False,False,False,False,False,False,False,False,False,False,False,False" />
  <property name="SleeperVolumeFlags" value="0,0,0,0,0,0,0,0,0,0,0,0,0,0,0,0,0,0,0,0,0,0,0,0,0,0,0,0,0" />
  <property name="SleeperVolumeTriggeredBy" value=" # # # # # # # # # # # # # # # # # # # # # # # # # # # # " />
  <property class="IndexedBlockOffsets">
    <property class="POILight">
      <property name="0" value="34, 11, 176" />
    </property>
    <property class="TraderOnOff">
      <property name="0" value="34, 6, 178" />
    </property>
    <property class="challenge_sinks">
      <property name="0" value="36, 3, 176" />
    </property>
    <property class="challenge_mech_parts">
      <property name="0" value="28, 3, 176" />
      <property name="1" value="31, 3, 176" />
    </property>
    <property class="challenge_polymers">
      <property name="0" value="25, 11, 144" />
    </property>
    <property class="challenge_steel">
      <property name="0" value="26, 7, 114" />
      <property name="1" value="27, 7, 114" />
      <property name="2" value="30, 18, 116" />
      <property name="3" value="30, 18, 117" />
    </property>
    <property class="challenge_pallet">
      <property name="0" value="28, 14, 58" />
      <property name="1" value="28, 15, 58" />
    </property>
    <property class="challenge_gore">
      <property name="0" value="17, 7, 114" />
      <property name="1" value="17, 9, 114" />
      <property name="2" value="18, 8, 115" />
    </property>
    <property class="QuestRestorePower">
      <property name="0" value="16, 5, 168" />
    </property>
    <property class="FetchContainer">
      <property name="0" value="32, 7, 118" />
      <property name="1" value="32, 9, 118" />
    </property>
    <property class="Rally">
      <property name="0" value="23, 11, 153" />
    </property>
  </property>
  <property class="Stats">
    <property name="TotalVertices" value="3352092" />
    <property name="TotalTriangles" value="1460832" />
    <property class="BlockEntities">
      <property name="Vertices" value="2539117" />
      <property name="Triangles" value="891811" />
    </property>
    <property class="ChunkMeshes0">
      <property name="Vertices" value="778765" />
      <property name="Triangles" value="514783" />
    </property>
    <property class="ChunkMeshes1">
      <property name="Vertices" value="0" />
      <property name="Triangles" value="0" />
    </property>
    <property class="ChunkMeshes2">
      <property name="Vertices" value="1588" />
      <property name="Triangles" value="870" />
    </property>
    <property class="ChunkMeshes3">
      <property name="Vertices" value="768" />
      <property name="Triangles" value="384" />
    </property>
    <property class="ChunkMeshes4">
      <property name="Vertices" value="0" />
      <property name="Triangles" value="0" />
    </property>
    <property class="ChunkMeshes5">
      <property name="Vertices" value="31854" />
      <property name="Triangles" value="52984" />
    </property>
  </property>
</prefab>